Workbook
Name ConveyorType: #REF!
Name StationType: [1]!Table6[Description]

Sheet Pivot
A3: Count of Rev.No. | B3: Column Labels
A4: Row Labels | B4: Config | C4: Devlopment | D4: Grand Total
A5: 46003 | C5: 1 | D5: 1
A6: 46029 | B6: 1 | C6: 1 | D6: 2
A7: 46035 | B7: 1 | D7: 1
A8: 46043 | B8: 1 | D8: 1
A9: 46045 | C9: 1 | D9: 1
A10: 46105 | B10: 1 | D10: 1
A11: 46157 | B11: 1 | D11: 1
A12: 46184 | B12: 2 | D12: 2
A13: 46198 | B13: 1 | D13: 1
A14: 46199 | B14: 1 | D14: 1
A15: 46209 | B15: 1 | D15: 1
A16: Grand Total | B16: 10 | C16: 3 | D16: 13

Sheet Revision
B2: Sr.No. | C2: Date | D2: Rev.No. | E2: Description of revision | F2: Change Type | G2: Attendee | H2: Remarks | J2: Change Type
B3: 1 | C3: 45790 | D3: 1 | E3: Initial draft | F3: Pre Release | G3: Ganesh K | H3: Initial draft | J3: Pre Release | K3: During Concept related changes
B4: 2 | C4: 45867 | D4: 1.1 | E4: as per flow ICD updated in various station | F4: Pre Release | G4: Raja, Kautubha, Vishal, Ganesh | J4: Development | K4: During development, the changes were made to simplify mWCS and PLC implementation and were documented in the ICD
B5: 3 | C5: 45895 | D5: 1.2 | E5: Below var added StackDestackStation- Abort, Abort_Ack LabellingStation- Pallet_Labelling_Status_Ack WrapUnwrapStation- Wrapping_Status UnloadingStation- Type_of_Operation | F5: Pre Release | G5: Ganesh K | J5: Conceptual & Architectural | K5: Changes related to pallet flow,architecture, and concept
B6: 4 | C6: 45937 | D6: 1.3 | E6: All area station master sheets added | F6: Pre Release | G6: Ganesh K | J6: Config | K6: Congfiguration realted Change
B7: 5 | C7: 45945 | D7: 1.4 | E7: abort and its ack added in conveyor station and cross transfer station | F7: Pre Release | G7: Ganesh K
B8: 6 | C8: 45972 | D8: 1.5 | E8: ElevatorStation added | F8: Pre Release | G8: Ganesh K
B9: 7 | C9: 45989 | D9: 1.6 | E9: Pallet_Status variable added in profile check station | F9: Pre Release | G9: Rohit P
B10: 8 | C10: 45995 | D10: 1.7 | E10: GTP decision station added | F10: Pre Release | G10: Ganesh K
B11: 9 | C11: 46003 | D11: 1.8 | E11: • In the "PLC ↔ WCS ICD" sheet, the below ICDs have been added for logging purposes only. CNV_Movimot_Drive STR_Lifter_Movimot_Drive STR_Gripper_Movimot_Drive CT_Mofivit_Drive CT_Moviswitch_Drive CNV_Barcode_Scanner CT_Barcode_Scanner Inbound_Main_Panel_Error_Mgr Inbound_Branch_Error_Manager Inbound_Safety_Door Inbound_Cross_Over • In the "Inbound" sheet, the above ICDs were added in the Functionality3 column, and a "Barcode Present" column was also added. | F11: Development | G11: Ganesh K | H11: Variable added for diagnostic logging purposes only, to easier issue identification and tracking ICD Release & Shared With Mukunda Haveris, Abhijeet Phatak & Raja Date 16-12-2025
B12: 10 | C12: 46029 | D12: 1.8.1 | E12: Loading Station ICD: Removed extra space from the Loading_Type variable. Stack De-stack Station ICD: Removed extra space from the Loading_Type variable. Wrap/Unwrap Station ICD: Corrected spelling of the Pallet_Operation_Status variable. Separator Station ICD: Corrected spelling of the Pallet_Operation_Status variable. | F12: Development | G12: Ganesh K | H12: Extra Space removed & Spelling corrected.
B13: 11 | C13: 46029 | D13: 1.8.2 | E13: Updated "Prod G 10M AMB" & "Prod G+1 10M AMB" sheet for source & destination requirment | F13: Config | G13: Vishal, Ganesh K | H13: Related areas are on hold from the customer side.
B14: 12 | C14: 46035 | D14: 1.8.3 | E14: • Below variables data type changed from bool to byte Request_For_Labelling_ACK Request_For_Operation_ACK | F14: Config | G14: Ganesh K | H14: Only the data type was corrected
B15: 13 | C15: 46043 | D15: 1.8.4 | E15: Pallet_ID_From_WCS: change string length from 35 to 10 Pallet_ID_From_PLC: change string length from 35 to 10 Vendor_Pallet_ID_From_PLC: change string length from 35 to 50 "Note" sheet modified for Source and destination requirement "SeparatorStationIP[X].Pallet_type" variable remark added | F15: Config | G15: Ganesh K | H15: Updated to comply with the customer pallet ID length of 10 characters
B16: 14 | C16: 46045 | D16: 1.9 | E16: • In the ASRS, OB to Man Unwrapping, GTP, Outbound, Flammable, Prod G AMB, Prod G Cold, Prod G floor, Prod G+1&2 AMB, Prod G+1&2 Cold, Prod G 10M AMB and Prod G+1 10M AMB sheets added Functionality3 column, and a "Barcode Present" column. | F16: Development | G16: Ganesh K | H16: Variable added for diagnostic logging purposes only, to easier issue identification and tracking
B17: 15 | C17: 46105 | D17: 1.10 | E17: Redundancy sheet added | F17: Config | G17: Mahesh Joshi | H17: Conceptualisation was pending as it needs discussion with mWCs team
B18: 16 | C18: 46157 | D18: 1.11 | E18: Below mentioned changes are updated during testing on site 1. Updated description for pallet "Profile_Status" variable ( no-9) 2. Updated description for "Type_of_Operation" varibale for loading, unloading & stacke_Destack stations 3. Added 64 no in "State" of unloading station 4. Updated description for "Vendor_Pallet_ID_From_PLC" in profile check station 5. Station master updated as per changes on site | F18: Config | G18: Vishal, Ganesh K, Mukunda | H18: The changes were implemented in the mWCS and PLC during testing and have been documented in the ICD.
B19: 17 | C19: 46184 | D19: 1.12 | E19: " PLC Zone Interface" ICD updated --- Removed conveyor_numbers | F19: Config | G19: Vishal, Ganesh K | H19: Conveyor no. Not required (This is related to redundancy logic)
B20: 18 | C20: 46184 | D20: 1.13 | E20: In GTP, B88C1, B88C2, B88C4, B93C1 & B93C2 station removed | F20: Config | G20: Vishal, Ganesh K, Kaustubh, Raja | H20: As agreed during the discussion with Raja, Mukunda H., Kaustubh Bapat, and Abhijit Phatak, unused stations (conveyors) were removed from the Station Master, as they are unable to accommodate full pallets - Layout issue - only config change on mWCS side
B21: 19 | C21: 46198 | D21: 1.14 | E21: In EZ9: B86C1, B80C1 & EZ8: B64C1 stations removed | F21: Config | G21: Ajay K, Abhijeet, Mukunda | H21: Based on the recommendation of Abhijit Phatak and Mukunda Ji, the decision points associated with stations B86C1, B80C1, and B64C1 have been removed. (This is done to easy handling of Source / destination on mWCS side)- Only Configuration change in mWCS side
B22: 20 | C22: 46199 | D22: 1.15 | E22: EZ8:B61C7,B61C8,B61C9,B62C1,B62C2 EZ9:B77C7,B77C8,B77C9,B78C1,B78C2,B78C3 Stations has been removed | F22: Config | G22: Ajay K, Abhijeet, Mukunda | H22: As discussed on Site B61C7,B61C8,B61C9,B62C1,B62C2,B77C7,B77C8,B77C9,B78C1,B78C2,B78C3 Decision Points has been removed (mWCS no need to give source & destination for this station) - This was tested at site in May26 on Both sides; but not modified in ICD.- only config change on mWCS side
B23: 21 | C23: 46209 | D23: 1.16 | E23: EZ6:B40C1, B38C3 EZ8:B59C1, B60C1,B68C1,B69C1 EZ9:B75C1, B76C1, B84C1, B85C1 Stations has been removed | F23: Config | G23: Ajay K, Abhijeet, Mukunda | H23: There is no change required from mWCS & PLC, also tested on site & NVIDIA, unused station has been removed from station master - Layout issue only config change on mWCS side
B24: 22 | C24: 46244 | D24: 1.17 | E24: 1. Reamark Updated 2. Same Index no used for Unloaidng Station B158C2 (31) & B90C1 (31), It changed for B90C1 (47) 3. PLC Warning No varibale added for all stations 4. All Zones Branch Error manager added in station manager | F24: Config | G24: Ajay K, Mukunda | H24: 1. Need to change B90C1 Unloading Station Index No 2. Need to use Warning tags for warning no logging in mWCS & PLC mapped all the tags to respective stations

Sheet Redundancy
B2: Zone | C2: Conveyor No | D2: Default finction | E2: Redundant function | F2: Remarks
B3: EZ1- Inbound Line | C3: B8C1 | D3: Not Used | E3: Out- to Fork AMR | F3: Redundant functionality by Default, but will not be any command from mWCS
C4: B9C1 | D4: Not Used | E4: Out- to Fork AMR | F4: Redundant functionality by Default, but will not be any command from mWCS
C5: B8C2 | D5: Not Used | E5: Out- to Zeron AMR | F5: Redundant functionality by Default, but will not be any command from mWCS
C6: B9C2 | D6: Not Used | E6: Out- to Zeron AMR | F6: Redundant functionality by Default, but will not be any command from mWCS
B8: EZ2- Inbound Line | C8: B13C4 | D8: Not Used | E8: In- From Zeron AMR | F8: Redundant functionality by Default, but will not be any command from mWCS
C9: B14C1 | D9: Not Used | E9: In- From Zeron AMR | F9: Redundant functionality by Default, but will not be any command from mWCS
C10: B16C1 | D10: Not Used | E10: Out- to Zeron AMR | F10: Redundant functionality by Default, but will not be any command from mWCS
C11: B16C1 | D11: Not Used | E11: Out- to Zeron AMR | F11: Redundant functionality by Default, but will not be any command from mWCS
C12: B18C1 | D12: Out- to Zeron AMR if Varo installed else No use | E12: Out- to Zeron AMR | F12: Redundant functionality by Default, but will not be any command from mWCS
C13: B19C4 | D13: Not Used | E13: In- From Zeron AMR | F13: Redundant functionality by Default, but will not be any command from mWCS
C14: B20C3 | D14: Not Used | E14: In- From Zeron AMR | F14: Redundant functionality by Default, but will not be any command from mWCS
C15: B21C1 | D15: Not Used | E15: Out- to Zeron AMR | F15: Redundant functionality by Default, but will not be any command from mWCS
C16: B22C1 | D16: Not Used | E16: Out- to Zeron AMR | F16: Redundant functionality by Default, but will not be any command from mWCS
B18: EZ3- Outbound Line | C18: B23C1 | D18: Out- to Fork AMR | E18: In- From Fork AMR | F18: Selectable from mWCS UI ( Conveyor wise)
C19: B24C1 | D19: Out- to Fork AMR | E19: In- From Fork AMR | F19: Selectable from mWCS UI ( Conveyor wise)
C20: B25C1 | D20: Out- to Fork AMR | E20: In- From Fork AMR | F20: Selectable from mWCS UI ( Conveyor wise)
C21: B26C1 | D21: Out- to Fork AMR | E21: In- From Fork AMR | F21: Selectable from mWCS UI ( Conveyor wise)
C22: B28C2 | D22: Not Used | E22: Out- to Zeron AMR | F22: Redundant functionality by Default, but will not be any command from mWCS
C23: B29C3 | D23: Not Used | E23: Out- to Zeron AMR | F23: Redundant functionality by Default, but will not be any command from mWCS
C24: B26C5 | D24: Not Used | E24: Not Used | F24: Functionality not known
B26: EZ4- Flamable Area | C26: B33C1, B33C3 | D26: Out- to Fork AMR | E26: In-from Fork AMR | F26: Selectable from mWCS UI ( Conveyor wise)
C27: BC179( Buffer conveyor) | D27: Out bound | E27: In bound | F27: mWCS to inform logiq about functionality change. Also ICD with EZ4 Conveyor will change
C28: B34C2, B34C3 | D28: In-from Fork AMR | E28: Out- to Fork AMR | F28: Selectable from mWCS UI ( Conveyor wise)
C29: BC180( Buffer conveyor) | D29: In bound | E29: Out bound | F29: mWCS to inform logiq about functionality change. Also ICD with EZ4 Conveyor will change
B31: EZ10- GTP | F31: No redundancy Option
B32: EZ17- Manual unwraping Line | F32: No redundancy Option
B35: EZ5- Ambient G floor area | C35: VT13 & VT22 OR B131C2 & B138C2 | D35: OUT bound from ASRS | E35: Are redundant for each other | F35: Redundant functionality by Default, but will not be any command from mWCS
C36: VT12 & BC-174 ( B117C2) | D36: Inbound for ASRS | E36: in case VF12 is down, Pallet wiil be loaded from B117C2 & Then 4way sshuttle will take the pallety to VT13/ VT22 & then pallet will be moved to other floors for storage' | F36: mWCS to inform logiq about functionality change. Also ICD with EZ4 Conveyor will change
C37: B171C1 | D37: PM Outbound for jeri-cans | E37: B131C2 & B138C2 will serve as jerican Outbound | F37: Redundant functionality by Default, but will not be any command from mWCS
B39: EZ6- Production G floor area | C39: EL16 & EL17 | D39: EL16 & EL17 | E39: Are redundant for each other | F39: Redundant functionality by Default, but will not be any command from mWCS
B41: EZ7- Cold G floor area | C41: VT15 | D41: Outbound | F41: No redundancy Option
C42: VT14 & BC-177 ( B45C2) | D42: Inbound for ASRS | E42: in case VF14 is down, Pallet wiil be loaded from B45c2 & Then 4way shuttle will take the pallety to VT15 & then pallet will be moved to other floors for storage | F42: mWCS to inform logiq about functionality change. Also ICD with EZ7 Conveyor will change
B44: EZ8- Prod G+1&2 Ambient | C44: VT12 & VT13 | D44: VT12, B61C7, B61C8 -Inbound VT13, B61C1, B61C2 - Outbound B61C9- Not used | E44: 1) If VT12 / B61C7/ B61C8 is down, then VT13,B61C1, B61C2- will work as inbound + Outbound. B61C9- Bidirectional depending on pallet flow. 2) If VT13/B61C1/ B61C2,is down, then VT12,B61C7, B61C8 - will work as inbound + Outbound B61C9- Bidirectional depending on pallet flow | F44: mWCS to inform logiq about functionality change. Also ICD with EZ8 Conveyor will change
B46: EZ9-Prod G+1&2 Cold | C46: VT14 & VT15 | D46: VT14, B77C7, B77C8, B77C9 -Inbound VT15, B78C1, B78C2, B78C3 - Outbound B78C10- Not used | E46: 1) If VT14/ B77C7/ B77C8/ B77C9 is down, then VT15/ B78C1/ B78C2/ B78C3- will work as inbound + Outbound. B78C10- Bidirectional depending on pallet flow. 2) If VT15/ B78C1/ B78C2/ B78C3,is down, then VT14/ B77C7/ B77C8/ B77C9 - will work as inbound + Outbound B61C9- Bidirectional depending on pallet flow | F46: mWCS to inform logiq about functionality change. Also ICD with EZ9 Conveyor will change
B51: EZ15- Prod G 10M AMB | F51: Hold From customer side
B54: EZ16- Prod G+1 10M AMB | F54: Hold From customer side

Sheet Note
B2: Below abbreviation is only for CT and TT
B3: 2 | C3: 14 | D3: 1
B4: Type of entity 1 - Cross Transfer; 2 - Turn Table | C4: Branch No | D4: TT/CT No
B7: NOTE: consider below station ICD variables if "Source requirement" coloum contain "Yes"
B8: Source
B9: Read_Source
B10: Read_Source_Ack
B11: Loading_Type
B12: Type_of_Operation
B13: Read_Loading_type
B14: Read_Loading_type_Ack
B16: NOTE: consider below station ICD variables if "Destination requirement" coloum contain "Yes"
B17: Request_For_Destination
B18: Destination
B19: Request_For_Destination_Ack
... B26: Request_For_Unloading_type_Ack

Sheet PLC ↔ WCS ICD
A1: Conveyor ( x is PLC no) X= 1 to 2 | B1: Common Interface | C1: Data type | D1: Conveyor PLC | E1: WCS | F1: Comment | G1: Recovery Comments | H1: Remark | I1: Raja comments
A2: ConveyorOP[X] | B2: PLCPowerOn | C2: Byte | D2: W | E2: R | F2: This byte conveys to WCS that PLC is powered on as follow: Stacker PLC will write in this byte 0= Power Off 1= Power On
A3: ConveyorIP[X] | B3: HeartBitIP | C3: Byte | D3: R | E3: W | F3: WCS will toggle values in this variable with 1 sec internal i.e. 1 and 2 IF this value change stops for 1 sec then generate error
A4: Zone ( x is zone no) X=1 to 94 | B4: PLC Zone Interface | C4: Data type | D4: Conveyor PLC | E4: WCS | F4: Comment | H4: Remark
A5: ZoneOP[X]. | B5: Mode | C5: Byte | D5: W | E5: R | F5: 1: Zone is in auto mode 2: Zone is in manual mode
A6: ZoneOP[X]. | B6: PLC_Error_No | C6: Int | D6: W | E6: R | F6: PLC will write error number in this variable at every stations. 0= No error Greater than 0 = system in fault
A7: ZoneIP[X]. | B7: Function | C7: Byte | D7: R | E7: W | F7: 1: Zone/Station to be used as Loading Station 2: Zone/Station to be used as UnLoading Station This will be read by PLC when no cycle is running & WCS give "Read_Function" signal | H7: If zone/staion is to be used as L/U station, then only this function related handshake is required & same will be monitored in PLC as well as WCS…. Otherwise station will work independantly.
A8: ZoneIP[X]. | B8: ConveyorNo | C8: Int | D8: R | E8: W | F8: WMS will give loading or unloading conveyor no based on Function Selection When loading Function Selected : B17C1, B71C2 : conveyor respctive ID to be written as per station master When Unloading Function Selected : B79C3, B14C1 : conveyor respctive ID to be written as per station master
A9: ZoneIP[X]. | B9: Read_function | C9: BOOL | D9: R | E9: W | F9: 1: After giving function, WCS will set this bit 0: Default OR False After getting "Read_function_Ack"
A10: ZoneOP[X]. | B10: Read_function_Ack | C10: Byte | D10: W | E10: R | F10: 1: After getting "Read_Function" this will be set by PLC, if function changed succefully 2: After getting "Read_Function" this will be set by PLC, if function not changed succefully. 0: After getting "Read_Function" OFF this will be made low
A11: Station ID (X is the ID of Station) X= 1 to 170 | B11: Loading Station | C11: Data type | D11: Conveyor PLC | E11: WCS | F11: Comment | H11: Remark
A12: LoadingStationOP[X]. | B12: Mode | C12: Byte | D12: W | E12: R | F12: 0: No Mode 1: Auto 2: Manual
A13: LoadingStationOP[X]. | B13: State | C13: Byte | D13: W | E13: R | F13: PLC will always update current state to this byte at every stations and WCS will read. 1 = SP Ready to Receive 2= Receive in progress 4= Pallet Present @ fwd end & ready to transfer 5= Pallet Present @ rev end & ready to transfer 6= Pallet move up to end in progress 8= Transfer in Progress 16 = In error 32 =Un-usable : If any module goes beyond repair then operatoe will mark that module(here conveyor) as not usable from HMI..Same will be shared to WCS. Based on that WCS will give alternate path to pallet. (this facility is optional) 64 = Vendor/Ko Ready to Receive 128= Data changed in manual mode
A14: LoadingStationOP[X]. | B14: PLC_Error_No | C14: Int | D14: W | E14: R | F14: PLC will write error number in this variable at every stations. 0= No error Greater than 0 = system in fault
A15: LoadingStationOP[X]. | B15: PLC_Warning_No | C15: Int | D15: W | E15: R | F15: PLC will write warning number in this variable at every stations. 0= No error Greater than 0 = warning present
A16: LoadingStationIP[X]. | B16: Loading_Type | C16: Int | D16: R | E16: W | F16: * If this station is in line--- (e.g. B69C2, B54C2 etc.) WCS will write Source point as per connected stations i.e. WCS will write station ID ( Refer Station Master Sheet), same will become zero after "Pallet_Transferred" received from PLC. * If this station is standalone- (e.g B3C1, B4C1, B5C1 etc.) WCS will write loadig type based on loading device, same will become zero after "Pallet_Transferred" received from PLC. 0= Deafult/No action 1 = No loading station 2 = Manual Loading 3 = Automatic Loading-AMR 4 = Automatic Loading-Fork type AGV 5=Automatic Loading-Conveyor Top AMR | G16: • During handshake, if a power failure, mode change, or error occurs, this value is set to zero by the WCS. • Once the system is healthy and the handshake is not completed, all handshakes will start from the beginning. • Once the handshake is completed, this sequence does not need to start again until the next cycle.
A17: LoadingStationIP[X]. | B17: Type_of_Operation | C17: Int | D17: R | E17: W | F17: 1 = Single pallet loading ( Pallet will be loaded two times i.e. first system pallet & then vendor/KO pallet so with MWCS two times loading handshake is required e.g. B3C1, B4C1, B5C1) 2 = Multi pallet Loading (Pallet will be loaded once i.e. "KO + SP" or only SP pallet will be loaded at a time, so with MWCS one time loading handshake is required e.g. B6C1, B5C2, B35C1, B43C1, B47C1, B63C5, B69C5 etc) This information is required to pass on to PLC, so that PLC can wait for both pallet whenever required. | G17: • During handshake, if a power failure, mode change, or error occurs, this value is set to zero by the WCS. • Once the system is healthy and the handshake is not completed, all handshakes will start from the beginning. • Once the handshake is completed, this sequence does not need to start again until the next cycle.
A18: LoadingStationIP[X]. | B18: Read_Loading_type | C18: Byte | D18: R | E18: W | F18: 1= WCS will write this when it want to load pallet at loading station 99= WCS will set this value when"Read_Loading_type_Ack"=2 received from PLC. 0 = WCS will set this value when"Read_Loading_type_Ack"=0 received from PLC. | G18: • During handshake, if a power failure, mode change, or error occurs, this value is set to zero by the WCS. • Once the system is healthy and the handshake is not completed, all handshakes will start from the beginning. • Once the handshake is completed, this sequence does not need to start again until the next cycle. | H18: WCS will give "Read_Loading_type" & "Loading_type" signal two time i.e. one for SP Pallet & one for vendor pallet… This is to define whether AMR/Fpork Type AMR is coming to station
A19: LoadingStationOP[X]. | B19: Read_Loading_type_Ack | C19: Byte | D19: W | E19: R | F19: PLC Will write ACK to WCS. 0=will become zero after"Read_Loading_type" = 99 from WCS. 1= Spare; 2 = OK; | G19: • During handshake, if a power failure, mode change, or error occurs, this value is set to zero by the WCS. • Once the system is healthy and the handshake is not completed, all handshakes will start from the beginning. • Once the handshake is completed, this sequence does not need to start again until the next cycle.
A20: LoadingStationIP[X]. | B20: Pallet_ID_From_WCS | C20: String(10) | D20: R | E20: W | F20: 1. WCS will write system pallet ID , when value of state = 4 or 5"pallet receive in progress" "Pallet Present @end & ready to transfer". (After writing the pallet ID WCS will write space for remaing character in a string (i.e ASCII 32)) 2. WCS will clear(space) the data, at "Pallet_Transferred" =1 received from PLC.
A21: LoadingStationOP[X]. | B21: Request_For_Destination | C21: Byte | D21: W | E21: R | F21: 1= PLC will write this when Pallet is Received at every station. 99= PLC will set this value when"Request_For_Destination" ACK received from WCS except ack=1 (Wait). 0= will become zero after Request_For_Destination_Ack=0 from WCS | G21: • During handshake, if a power failure, mode change, or error occurs, this value is set to zero by the WCS. • Once the system is healthy and the handshake is not completed, all handshakes will start from the beginning. • If the handshake is completed and a power failure, mode change, or error occurs while the state is 4 or 5, then this sequence will repeat. • This handshake will continue to repeat until the state reaches 8.
A22: LoadingStationIP[X]. | B22: Destination | C22: Int | D22: R | E22: W | F22: 1. WCS will write Next Destination as per connected stations i.e. WCS will write station ID ( Refer Station Master Sheet), 2. same will become zero after "Pallet_Transferred"=99 received from PLC. | G22: • During handshake, if a power failure, mode change, or error occurs, this value is set to zero by the WCS. • Once the system is healthy and the handshake is not completed, all handshakes will start from the beginning. • If the handshake is completed and a power failure, mode change, or error occurs while the state is 4 or 5, then this sequence will repeat. • This handshake will continue to repeat until the state reaches 8.
A23: LoadingStationIP[X]. | B23: Request_For_Destination_Ack | C23: Byte | D23: R | E23: W | F23: WCS Will write Next Destination & then give ACK to PLC. 0=will become zero after"Request_For_Destination" 99 from PLC. 1= Wait; 2 = OK; | G23: • During handshake, if a power failure, mode change, or error occurs, this value is set to zero by the WCS. • Once the system is healthy and the handshake is not completed, all handshakes will start from the beginning. • If the handshake is completed and a power failure, mode change, or error occurs while the state is 4 or 5, then this sequence will repeat. • This handshake will continue to repeat until the state reaches 8.
A24: LoadingStationOP[X]. | B24: Pallet_Transferred | C24: Byte | D24: W | E24: R | F24: 1= PLC will write this when Pallet is transferred to next station at every stations. 99= PLC will set this value when Pallet Transferred ACK = 1 received from WCS. 0= will become zero after Pallet_Transferred_Ack=0 from WCS | G24: • During handshake, if a power failure, mode change, or error occurs, this value is set to zero by the WCS. • Once the system is healthy and the handshake is not completed, all handshakes will start from the beginning. • If the handshake is completed and a power failure, mode change, or error occurs while the state is 4 or 5, then this sequence will repeat.
A25: LoadingStationIP[X]. | B25: Pallet_Transferred_Ack | C25: Byte | D25: R | E25: W | F25: 1= WCS will write when received pallet transferred from PLC. 0= Default OR When Pallet Transferred received 99 from PLC. | G25: • During handshake, if a power failure, mode change, or error occurs, this value is set to zero by the WCS. • Once the system is healthy and the handshake is not completed, all handshakes will start from the beginning. • If the handshake is completed and a power failure, mode change, or error occurs while the state is 4 or 5, then this sequence will repeat.
A26: Station ID (X is the ID of Station) X= 1 to 189 | B26: Unloading Station (Single In) | C26: Data type | D26: Conveyor PLC | E26: WCS | F26: Comment | H26: Remark
A27: UnloadingStationOP[X]. | B27: Mode | C27: Byte | D27: W | E27: R | F27: 0: No Mode 1: Auto 2: Manual
A28: UnloadingStationOP[X]. | B28: State | C28: Byte | D28: W | E28: R | F28: PLC will always update current state to this byte at every stations and WCS will read. 1 = Ready to Receive 2= Receive in progress 4= Pallet Present @ fwd end & ready to transfer 5= Pallet Present @ rev end & ready to transfer 6= Pallet move up to end in progress 8= Transfer in Progress 16 = In error 32 =Un-usable : If any module goes beyond repair then operatoe will mark that module(here conveyor) as not usable from HMI..Same will be shared to WCS. Based on that WCS will give alternate path to pallet. (this facility is optional) 64 = System pallet ready to unload 128= Data changed in manual mode
A29: UnloadingStationOP[X]. | B29: PLC_Error_No | C29: Int | D29: W | E29: R | F29: PLC will write error number in this variable at every stations. 0= No error Greater than 0 = system in fault
A30: UnloadingStationOP[X]. | B30: PLC_Warning_No | C30: Int | D30: W | E30: R | F30: PLC will write warning number in this variable at every stations. 0= No warning Greater than 0 = warning present
A31: UnloadingStationIP[X]. | B31: Source | C31: Int | D31: R | E31: W | F31: * If this station is in line--- WCS will write Source point as per connected stations i.e. WCS will write station ID ( Refer Station Master Sheet), same will become zero after "Pallet_Transferred" received from PLC. * If this station is standalone- WCS will write unloadig type based on unloading device, same will become zero after "Pallet_Transferred" received from PLC. 0= Deafult/No action 1 = No Unloading station 2 = Manual UnLoading 3 = Automatic UnLoading-AMR 4 = Automatic UnLoading-Fork type AGV 5=Automatic UnLoading-Conveyor Top AMR | G31: • During handshake, if a power failure, mode change, or error occurs, this value is set to zero by the WCS. • Once the system is healthy and the handshake is not completed, all handshakes will start from the beginning. • Once the handshake is completed, this sequence does not need to start again until the next cycle.
A32: UnloadingStationIP[X]. | B32: Read_Source | C32: Byte | D32: R | E32: W | F32: 1= WCS will write this when it want to Unload pallet present at Unloading station 99= WCS will set this value when"Read_Source_Ack"=2 received from PLC. 0 = WCS will set this value when"Read_Source_Ack"=0 received from PLC. | G32: • During handshake, if a power failure, mode change, or error occurs, this value is set to zero by the WCS. • Once the system is healthy and the handshake is not completed, all handshakes will start from the beginning. • Once the handshake is completed, this sequence does not need to start again until the next cycle.
A33: UnloadingStationOP[X]. | B33: Read_Source_Ack | C33: Byte | D33: W | E33: R | F33: PLC Will write ACK to WCS. 0=will become zero after"Read_Source" = 99 from WCS. 1= Spare; 2 = OK; | G33: • During handshake, if a power failure, mode change, or error occurs, this value is set to zero by the WCS. • Once the system is healthy and the handshake is not completed, all handshakes will start from the beginning. • Once the handshake is completed, this sequence does not need to start again until the next cycle.
A34: UnloadingStationOP[X]. | B34: Request_For_Unloading_type | C34: Byte | D34: W | E34: R | F34: 1= PLC will write this when Pallet is Received at station 99= PLC will set this value when"Request_For_Unloading_type_ACK" received from WCS =2. 0 = PLC will set this value when"Request_For_Unloading_type_ACK" received from WCS =0. | G34: • During handshake, if a power failure, mode change, or error occurs, this value is set to zero by the WCS. • Once the system is healthy and the handshake is not completed, all handshakes will start from the beginning. • Once the handshake is completed, this sequence does not need to start again until the next cycle. | H34: Name changed
A35: UnloadingStationIP[X]. | B35: Type_of_Operation | C35: Byte | D35: R | E35: W | F35: 1 = Single pallet Unloading ( Pallet will be Unloaded two times i.e. first vendor/KO pallet & then system pallet, so with MWCS two times Unloading handshake is required e.g. B6C3, B39C1) This will come typically with fork type AMR 2 = Multi pallet Unloading (Pallet will be Unloaded once i.e. KO + SP pallet will be loaded at a time, so with MWCS one time loading handshake is required e.g. B53C2, B9C2 etc.) This information is required to pass on to PLC, so that PLC can wait for both pallet whenever required. | G35: • During handshake, if a power failure, mode change, or error occurs, this value is set to zero by the WCS. • Once the system is healthy and the handshake is not completed, all handshakes will start from the beginning. • Once the handshake is completed, this sequence does not need to start again until the next cycle. | H35: New var added on 29/08/2025
A36: UnloadingStationIP[X]. | B36: Reject_Reason | C36: Byte | D36: R | E36: W | F36: 1= Pallet length is not ok, 2= Pallet width is not ok, 3= Pallet length and Width is not ok 4= Pallet height is not ok 5= Pallet length and height is not ok 6= Pallet height and width is not ok 7= Pallet length,width and height is not ok 8= Profile ok. 9= Height Not ok for pallet wrapping 10=SP Barcode read Error 11=Vendor Barcode read Error 21= WCS_OK 22 = Reject because of SP pallet barcode 23 = Reject because of vendor Pallet barcode 24 = Reject because of weight 25= Reject because of Pallet type 26 = Reject because of Packing file not found (if applicable) 27 = Reject Because of Location not found (if applicable) 28 = Reject Because of Pallet Already in DO (if applicable) 29 = Reject Because of Pallet Already in Queue (if applicable) will become zero after "Pallet_Transferred" signal become zero | H36: 12-20 will spares (reference from profile check) 21= WCS_OK will only use in WPLS, will not share to PLC.
A37: UnloadingStationIP[X]. | B37: Unloading_type | C37: Int | D37: R | E37: W | F37: 1. WCS will write Next Unloading_type as per connected stations i.e. WCS will write station ID ( Refer Station Master Sheet), same will become zero after "Pallet_Transferred"=99 received from PLC. Note - Unloading_type No is as below 0= Deafult/No action 1 = No Unloading station 2 = Manual Unloading 3 = Automatic Unloading-AMR 4 = Automatic Unloading-Fork type AGV 5=Automatic Unloading-Conveyor Top AMR | G37: • During handshake, if a power failure, mode change, or error occurs, this value is set to zero by the WCS. • Once the system is healthy and the handshake is not completed, all handshakes will start from the beginning. • Once the handshake is completed, this sequence does not need to start again until the next cycle. | H37: Name changed
A38: UnloadingStationIP[X]. | B38: Request_For_Unloading_type_Ack | C38: Byte | D38: R | E38: W | F38: WCS Will write Next Unloading_type & then give ACK to PLC. 0=will become zero after"Request_For_Unloading_type" 99 from PLC. 1= Wait; 2 = OK; | G38: • During handshake, if a power failure, mode change, or error occurs, this value is set to zero by the WCS. • Once the system is healthy and the handshake is not completed, all handshakes will start from the beginning. • Once the handshake is completed, this sequence does not need to start again until the next cycle.
A39: UnloadingStationOP[X]. | B39: Pallet_Transferred | C39: Byte | D39: W | E39: R | F39: 1= PLC will write this when Pallet is transferred to next station at every stations. 99= PLC will set this value when Pallet Transferred ACK = 1 received from WCS. 0= will become zero after Pallet_Transferred_Ack=0 from WCS | G39: • During handshake, if a power failure, mode change, or error occurs, this value is set to zero by the WCS. • Once the system is healthy and the handshake is not completed, all handshakes will start from the beginning. • If the handshake is completed and a power failure, mode change, or error occurs while the state is 4 or 5, then this sequence will repeat. | H39: After pallet unloaded by fork lift or by AGV, this signal will be given
A40: UnloadingStationIP[X]. | B40: Pallet_Transferred_Ack | C40: Byte | D40: R | E40: W | F40: 1= WCS will write when received pallet transferred from PLC. 0= Default OR When Pallet Transferred received 99 from PLC. | G40: • During handshake, if a power failure, mode change, or error occurs, this value is set to zero by the WCS. • Once the system is healthy and the handshake is not completed, all handshakes will start from the beginning. • If the handshake is completed and a power failure, mode change, or error occurs while the state is 4 or 5, then this sequence will repeat.
A41: Station ID (X is the ID of Station) X= 1 to 94 | B41: Profile Check Station | C41: Data type | D41: Conveyor PLC | E41: WCS | F41: Comment | H41: Remark
A42: ProfileCheckStationOP[X]. | B42: Mode | C42: Byte | D42: W | E42: R | F42: 0: No Mode 1: Auto 2: Manual
A43: ProfileCheckStationOP[X]. | B43: State | C43: Byte | D43: W | E43: R | F43: PLC will always update current state to this byte at every stations and WCS will read. 1 = Ready to Receive 2= Receive in progress 4= Pallet Present @end & ready to transfer 5= Pallet Present @ rev end & ready to transfer 6= Pallet move up to end in progress 8= Transfer in Progress 16 = In error 32 =Un-usable : If any module goes beyond repair then operatoe will mark that module(here conveyor) as not usable from HMI..Same will be shared to WCS. Based on that WCS will give alternate path to pallet. (this facility is optional) 64 = spare 128= Data changed in manual mode
A44: ProfileCheckStationOP[X]. | B44: PLC_Error_No | C44: Int | D44: W | E44: R | F44: PLC will write error number in this variable at every stations. 0= No error Greater than 0 = system in fault
A45: ProfileCheckStationOP[X]. | B45: PLC_Warning_No | C45: Int | D45: W | E45: R | F45: PLC will write warning number in this variable at every stations. 0= No warning Greater than 0 = warning present
A46: ProfileCheckStationIP[X]. | B46: Source | C46: Int | D46: R | E46: W | F46: * If this station is in line--- WCS will write Source point as per connected stations i.e. WCS will write station ID ( Refer Station Master Sheet), same will become zero after "Pallet_Transferred" received from PLC. * If this station is standalone- WCS will write loadig type based on loading device, same will become zero after "Pallet_Transferred" received from PLC. 0= Deafult/No action 1 = No loading station 2 = Manual Loading 3 = Automatic Loading-AMR 4 = Automatic Loading-Fork type AGV 5=Automatic Loading-Conveyor Top AMR
A47: ProfileCheckStationIP[X]. | B47: Read_Source | C47: Byte | D47: R | E47: W | F47: 1= WCS will write this when it want to load pallet at loading station 99= WCS will set this value when"Read_Source_Ack"=2 received from PLC. 0 = WCS will set this value when"Read_Source_Ack"=0 received from PLC.
A48: ProfileCheckStationOP[X]. | B48: Read_Source_Ack | C48: Byte | D48: W | E48: R | F48: PLC Will write ACK to WCS. 0=will become zero after"Read_Source" = 99 from WCS. 1= Spare; 2 = OK;
A49: ProfileCheckStationOP[X]. | B49: Pallet_ID_From_PLC | C49: String(10) | D49: W | E49: R | F49: 1. PLC Will Read Barcode & send system pallet ID to WCS (PalletID will be sent to WCS as per rules defined by customer e.g. if multple barcode read by PLC, then by concating some barcodes same will be shared to WCS, After writing the pallet ID PLC will write space for remaing character in a string (i.e ASCII 32)) 2. If the barcode reader fails to read the pallet ID, then the PLC will send '1111111111' to the WCS. Based on this, the WCS must reject that pallet and route it toward the rejection lane. 3. After pallet transfer PLC will write space pallet ID string ( WCS will read the variable based on value change) | H49: system pallet ID
A50: ProfileCheckStationOP[X]. | B50: Vendor_Pallet_ID_From_PLC | C50: String(10) | D50: W | E50: R | F50: 1. PLC Will Read Barcode & send pallet ID to WCS (PalletID will be sent to WCS as per rules defined by customer e.g. if multple barcode read by PLC, then by concating some barcodes same will be shared to WCS, After writing the pallet ID PLC will write space for remaing character in a string (i.e ASCII 32)) 2. If the barcode reader fails to read the pallet ID, then the PLC will send '1111111111' to the WCS. Based on this, the WCS must reject that pallet and route it toward the rejection lane. 3. After pallet transfer PLC will write space pallet ID string ( WCS will read the variable based on value change)
A51: ProfileCheckStationOP[X]. | B51: Request_For_Pallet_Type | C51: Byte | D51: W | E51: R | F51: 1= PLC will write this when Pallet is Received at every station. 99= PLC will set this value when"Request_For_Pallet_Type_ACK" received from WCS except ack=1 (Wait).
A52: ProfileCheckStationIP[X]. | B52: Pallet_Type_To_PLC | C52: Byte | D52: R | E52: W | F52: WCS will send Pallet type to PLC at Profile check station, when PLC sends "Request_For_Pallet_Type" signal Refer Pallet type sheet.
A53: ProfileCheckStationIP[X]. | B53: Request_For_Pallet_Type_Ack | C53: Byte | D53: R | E53: W | F53: When WCS receives "Request_For_Pallet_Type" from PLC, then WCS Will write "Pallet_Type_To_PLC" then give ACK to PLC. 0=will become zero after"Request_For_Pallet_Type" 99 from PLC. 1= Wait; 2 = OK;
A54: ProfileCheckStationOP[X]. | B54: Profile_Status | C54: Byte | D54: W | E54: R | F54: WCS will read profile status when "Request_For_Destination" signal becomes true from PLC. 1= Pallet length is not ok, 2= Pallet width is not ok, 3= Pallet length and Width is not ok 4= Pallet height is not ok 5= Pallet length and height is not ok 6= Pallet height and width is not ok 7= Pallet length,width and height is not ok 8= Profile ok. 9= Height Not ok for pallet wrapping 10 to 20 will be spares
A55: ProfileCheckStationOP[X]. | B55: Weight | C55: Int | D55: W | E55: R | F55: PLC will send Actual weight (Weight read from weighing scale) of pallet to WCS at Profile check station…. when "Request_For_Destination" signal becomes true from PLC. (WCS will check weight of pallet with tolerance & decide rejection condition)
A56: ProfileCheckStationOP[X]. | B56: Request_For_Destination | C56: Byte | D56: W | E56: R | F56: 1= PLC will write this when Pallet is Received at every station. 99= PLC will set this value when"Request_For_Destination" ACK received from WCS except ack=1 (Wait). 0= will become zero after Request_For_Destination_Ack=0 from WCS
A57: ProfileCheckStationIP[X]. | B57: Destination | C57: Int | D57: R | E57: W | F57: 1. WCS will write Next Destination as per connected stations i.e. WCS will write station ID, when PLC sends "Request_For_Destination" signal ( Refer Station Master Sheet). 2. same will become zero after "Pallet_Transferred" received from PLC.
A58: ProfileCheckStationIP[X]. | B58: Pallet_Status | C58: Int | D58: R | E58: W | F58: 0= No action 1= pallet accepted by WCS 2= pallet rejected by WCS
A59: ProfileCheckStationIP[X]. | B59: Request_For_Destination_Ack | C59: Byte | D59: R | E59: W | F59: WCS Will write Next Destination, pallet type & then give ACK to PLC. 0=will become zero after"Request_For_Destination" 99 from PLC. 1= Wait; 2 = OK;
A60: ProfileCheckStationOP[X]. | B60: Pallet_Transferred | C60: Byte | D60: W | E60: R | F60: 1= PLC will write this when Pallet is transferred to next station at every stations. 99= PLC will set this value when Pallet Transferred ACK=1 received from WCS. 0= will become zero after Pallet_Transferred_Ack=0 from WCS
A61: ProfileCheckStationIP[X]. | B61: Pallet_Transferred_Ack | C61: Byte | D61: R | E61: W | F61: 1= WCS will write when received pallet transferred from PLC. 0= Default OR When Pallet Transferred received 99 from PLC.
A62: Station ID (X is the ID of Station) X=1 to 219 | B62: Decision Station | C62: Data type | D62: Conveyor PLC | E62: WCS | F62: Comment | H62: Remark
A63: DecisionOP[X]. | B63: Mode | C63: Byte | D63: W | E63: R | F63: 0: No Mode 1: Auto 2: Manual
A64: DecisionOP[X]. | B64: State | C64: Byte | D64: W | E64: R | F64: PLC will always update current state to this byte at every stations and WCS will read. 1 = Ready to Receive 2= Receive in progress 4= Pallet Present @end & ready to transfer 5= Pallet Present @ rev end & ready to transfer 6= Pallet move up to end in progress 8= Transfer in Progress 16 = In error 32 =Un-usable : If any module goes beyond repair then operatoe will mark that module(here conveyor) as not usable from HMI..Same will be shared to WCS. Based on that WCS will give alternate path to pallet. 64 = spare 128= Data changed in manual mode
A65: DecisionOP[X]. | B65: PLC_Error_No | C65: Int | D65: W | E65: R | F65: PLC will write error number in this variable at every stations. 0= No error Greater than 0 = system in fault
A66: DecisionOP[X]. | B66: PLC_Warning_No | C66: Int | D66: W | E66: R | F66: PLC will write warning number in this variable at every stations. 0= No warning Greater than 0 = warning present
A67: DecisionIP[X]. | B67: Source | C67: Int | D67: R | E67: W | F67: * If this station is in line--- WCS will write Source point as per connected stations i.e. WCS will write station ID ( Refer Station Master Sheet), same will become zero after "Pallet_Transferred" received from PLC. * If this station is standalone- WCS will write loadig type based on loading device, same will become zero after "Pallet_Transferred" received from PLC. 0= Deafult/No action 1 = No loading station 2 = Manual Loading 3 = Automatic Loading-AMR 4 = Automatic Loading-Fork type AGV 5=Automatic Loading-Conveyor Top AMR | G67: • During handshake, if a power failure, mode change, or error occurs, this value is set to zero by the WCS. • Once the system is healthy and the handshake is not completed, all handshakes will start from the beginning. • If the handshake is completed and a power failure, mode change, or error occurs while the state is 1, then this sequence will repeat. Handshake will not required when state is 2.
A68: DecisionIP[X]. | B68: Read_Source | C68: Byte | D68: R | E68: W | F68: 1= WCS will write this when it want to load pallet from connecting station 99= WCS will set this value when"Read_Source_Ack"=2 received from PLC. 0 = WCS will set this value when"Read_Source_Ack"=0 received from PLC. | G68: • During handshake, if a power failure, mode change, or error occurs, this value is set to zero by the WCS. • Once the system is healthy and the handshake is not completed, all handshakes will start from the beginning. • If the handshake is completed and a power failure, mode change, or error occurs while the state is 1, then this sequence will repeat. Handshake will not required when state is 2.
A69: DecisionOP[X]. | B69: Read_Source_Ack | C69: Byte | D69: W | E69: R | F69: PLC Will write ACK to WCS. 0=will become zero after"Read_Source" = 99 from WCS. 1= Spare; 2 = OK; | G69: • During handshake, if a power failure, mode change, or error occurs, this value is set to zero by the WCS. • Once the system is healthy and the handshake is not completed, all handshakes will start from the beginning. • If the handshake is completed and a power failure, mode change, or error occurs while the state is 1, then this sequence will repeat. Handshake will not required when state is 2.
A70: DecisionOP[X]. | B70: Request_For_Destination | C70: Byte | D70: W | E70: R | F70: 1= PLC will write this when Pallet is Received at every station. 99= PLC will set this value when"Request_For_Destination" ACK received from WCS except ack=1 (Wait). 0= will become zero after Request_For_Destination_Ack=0 from WCS | G70: • During handshake, if a power failure, mode change, or error occurs, this value is set to zero by the WCS. • Once the system is healthy and the handshake is not completed, all handshakes will start from the beginning. • If the handshake is completed and a power failure, mode change, or error occurs while the state is 4 or 5, then this sequence will repeat. • This handshake will continue to repeat until the state reaches 8.
A71: DecisionIP[X]. | B71: Destination | C71: Int | D71: R | E71: W | F71: 1. WCS will write Next Destination as per connected stations i.e. WCS will write station ID ( Refer Station Master Sheet). 2. same will become zero after "Pallet_Transferred" received from PLC. | G71: • During handshake, if a power failure, mode change, or error occurs, this value is set to zero by the WCS. • Once the system is healthy and the handshake is not completed, all handshakes will start from the beginning. • If the handshake is completed and a power failure, mode change, or error occurs while the state is 4 or 5, then this sequence will repeat. • This handshake will continue to repeat until the state reaches 8. | H71: MWCS set 115 100 for Logiqs. To be updated in station master
A72: DecisionIP[X]. | B72: Request_For_Destination_Ack | C72: Byte | D72: R | E72: W | F72: WCS Will write Next Destination & then give ACK to PLC. 1= Wait; 2 = OK; 0=will become zero after"Request_For_Destination" 99 from PLC. | G72: • During handshake, if a power failure, mode change, or error occurs, this value is set to zero by the WCS. • Once the system is healthy and the handshake is not completed, all handshakes will start from the beginning. • If the handshake is completed and a power failure, mode change, or error occurs while the state is 4 or 5, then this sequence will repeat. • This handshake will continue to repeat until the state reaches 8.
A73: DecisionOP[X]. | B73: Pallet_Transferred | C73: Byte | D73: W | E73: R | F73: 1= PLC will write this when Pallet is transferred to next station at every stations. 99= PLC will set this value when Pallet Transferred ACK received from WCS. 0= will become zero after Pallet_Transferred_Ack=0 from WCS | G73: • During handshake, if a power failure, mode change, or error occurs, this value is set to zero by the WCS. • Once the system is healthy and the handshake is not completed, all handshakes will start from the beginning. • If the handshake is completed and a power failure, mode change, or error occurs while the state is 4 or 5, then this sequence will repeat.
A74: DecisionIP[X]. | B74: Pallet_Transferred_Ack | C74: Byte | D74: R | E74: W | F74: 1= WCS will write when received pallet transferred from PLC. 0= Default OR When Pallet Transferred received 99 from PLC. | G74: • During handshake, if a power failure, mode change, or error occurs, this value is set to zero by the WCS. • Once the system is healthy and the handshake is not completed, all handshakes will start from the beginning. • If the handshake is completed and a power failure, mode change, or error occurs while the state is 4 or 5, then this sequence will repeat.
A75: Station ID (X is the ID of Station) X=1 to 519 | B75: Conveyor Station | C75: Data type | D75: Conveyor PLC | E75: WCS | F75: Comment | H75: Remark
A76: ConveyorStationOP[X]. | B76: Mode | C76: Byte | D76: W | E76: R | F76: 0: No Mode 1: Auto 2: Manual
A77: ConveyorStationOP[X]. | B77: State | C77: Byte | D77: W | E77: R | F77: PLC will always update current state to this byte at every stations and WCS will read only incase of Conveyor Station only. 1 = Ready to Receive System/Master pallet 2= Receive in progress 4= Pallet Present @ Forward end & ready to transfer 5= Pallet Present @ Reverse end & ready to transfer 6= Pallet move up to end in progress 8= Transfer in Progress 16 = In error 32 =Un-usable : If any module goes beyond repair then operatoe will mark that module(here conveyor) as not usable from HMI..Same will be shared to WCS. Based on that WCS will give alternate path to pallet. (this facility is optional) 64 = Ready to Receive Vendor pallet 128= Data changed in manual mode | H77: Conveyor State will not read by WCS when conveyor is on Loading, Unloading, Reject, Profile Check, Lift, Drop, Shuttle, Elevator 9 =PLC will write this value to state while lifter up in progress.Applicable for only PRT94.
A78: ConveyorStationOP[X]. | B78: PLC_Error_No | C78: Int | D78: W | E78: R | F78: PLC will write error number in this variable at every stations. 0= No error Greater than 0 = system in fault
A79: ConveyorStationOP[X]. | B79: PLC_Warning_No | C79: Int | D79: W | E79: R | F79: PLC will write warning number in this variable at every stations. 0= No warning Greater than 0 = warning present
A80: ConveyorStationOP[X]. | B80: Pallet_ID_From_PLC | C80: String(10) | D80: W | E80: R | F80: 1. If scanner is available then PLC will send actual pallet ID else PLC will send tracked pallet ID to WCS (PalletID will be sent to WCS as per rules defined by customer e.g. if multple barcode read by PLC, then by concating some barcodes same will be shared to WCS, After writing the pallet ID PLC will write space for remaing character in a string (i.e ASCII 32)) 2. After pallet transfer PLC will write "000....00" pallet ID string (zeros as per length of string) | H80: HU123
A81: ConveyorStationOP[X]. | B81: Abort | C81: Bool | D81: W | E81: R | F81: 1.Abort Sequence from PLC 0.When Abort Ack 1 recived from WCS
A82: ConveyorStationIP[X]. | B82: Abort_Ack | C82: Bool | D82: R | E82: W | F82: 1.When abort 1 recived from PLC
A83: Station ID (X is the ID of Station) X=1 to 226 | B83: Cross Transfer Station | C83: Data type | D83: Conveyor PLC | E83: WCS | F83: Comment | H83: Remark
A84: CrossTransferStationOP[X]. | B84: Mode | C84: Byte | D84: W | E84: R | F84: 0: No Mode 1: Auto 2: Manual
A85: CrossTransferStationOP[X]. | B85: State | C85: Byte | D85: W | E85: R | F85: PLC will always update current state to this byte at every stations and WCS will read only incase of Conveyor Station only. 1 = Ready to Receive 2= Receive in progress 4= Pallet Present @ Forward end & ready to transfer 5= Pallet Present @ Reverse end & ready to transfer 6= Pallet move up to end in progress 8= Transfer in Progress 16 = In error 32 =Un-usable : If any module goes beyond repair then operatoe will mark that module(here conveyor) as not usable from HMI..Same will be shared to WCS. Based on that WCS will give alternate path to pallet. (this facility is optional) 64 = spare 128= Data changed in manual mode | H85: Conveyor State will not read by WCS when conveyor is on Loading, Unloading, Reject, Profile Check, Lift, Drop, Shuttle, Elevator 9 =PLC will write this value to state while lifter up in progress.Applicable for only PRT94.
A86: CrossTransferStationOP[X]. | B86: PLC_Error_No | C86: Int | D86: W | E86: R | F86: PLC will write error number in this variable at every stations. 0= No error Greater than 0 = system in fault
A87: CrossTransferStationOP[X]. | B87: PLC_Warning_No | C87: Int | D87: W | E87: R | F87: PLC will write warning number in this variable at every stations. 0= No warning Greater than 0 = warning present
A88: CrossTransferStationOP[X]. | B88: Pallet_ID_From_PLC | C88: String(10) | D88: W | E88: R | F88: 1. If scanner is available then PLC will send actual pallet ID else PLC will send tracked pallet ID to WCS (PalletID will be sent to WCS as per rules defined by customer e.g. if multple barcode read by PLC, then by concating some barcodes same will be shared to WCS, After writing the pallet ID PLC will write space for remaing character in a string (i.e ASCII 32)) 2. If the barcode reader fails to read the pallet ID at profile station, then the PLC will send '1111111111' to the WCS. Based on this, the WCS must reject that pallet and route it toward the rejection lane. If the barcode reader fails to read the pallet ID, then the PLC will send trached pallet id to WCS. 3. After pallet transfer PLC will write space pallet ID string ( WCS will read the variable based on value change)
A89: CrossTransferStationOP[X]. | B89: Abort | C89: Bool | D89: W | E89: R | F89: 1.Abort Sequence from PLC 0.When Abort Ack 1 recived from WCS
A90: CrossTransferStationIP[X]. | B90: Abort_Ack | C90: Bool | D90: R | E90: W | F90: 1.When abort 1 recived from PLC
A91: Station ID (X is the ID of Station) X= 1 to 115 | B91: Stack Destack Station | C91: Data type | D91: Conveyor PLC | E91: WCS | F91: Comment | H91: Remark
A92: StackDestackStationOP[X]. | B92: Mode | C92: Byte | D92: W | E92: R | F92: 0: No Mode 1: Auto 2: Manual
A93: StackDestackStationOP[X]. | B93: State | C93: Byte | D93: W | E93: R | F93: PLC will always update current state to this byte at every stations and WCS will read. 0= Default/ No action 1 = Ready to Receive 2= Receive in progress 4= Pallet Present @ Forward end & ready to transfer 5= Pallet Present @ Reverse end & ready to transfer 6= Pallet move up to end in progress 8= Transfer in Progress 16 = In error 32 =Un-usable : If any module goes beyond repair then operatoe will mark that module(here conveyor) as not usable from HMI..Same will be shared to WCS. Based on that WCS will give alternate path to pallet. (this facility is optional) 64 = spare 128= Data changed in manual mode
A94: StackDestackStationOP[X]. | B94: Stack_Status | C94: Byte | D94: W | E94: R | F94: PLC will share this stations status based on pallets availibilty 1 = No pallet ( Stack-Destack station is empty) 2 = Partial stack (Stack-Destack station have pallets < Full pallet stack) 3 = Full stack 4 = Warning level (Stack-Destack station have pallets = warining level ie. may be 1 or 2 no of pallets available)
A95: StackDestackStationOP[X]. | B95: PLC_Error_No | C95: Int | D95: W | E95: R | F95: PLC will write error number in this variable at every stations. 0= No error Greater than 0 = system in fault
A96: StackDestackStationOP[X]. | B96: PLC_Warning_No | C96: Int | D96: W | E96: R | F96: PLC will write warning number in this variable at every stations. 0= No warning Greater than 0 = warning present | I96: No action from mWCS
A97: StackDestackStationIP[X]. | B97: Loading_Type | C97: Int | D97: R | E97: W | F97: * If this station is in line--- WCS will write Source point as per connected stations i.e. WCS will write station ID ( Refer Station Master Sheet), same will become zero after "Pallet_Transferred" received from PLC. * If this station is standalone- WCS will write loadig type based on loading device, same will become zero after "Pallet_Transferred" received from PLC. 0= Deafult/No action 1 = No loading station 2 = Manual Loading 3 = Automatic Loading-AMR 4 = Automatic Loading-Fork type AGV 5=Automatic Loading-Conveyor Top AMR
A98: StackDestackStationIP[X]. | B98: Type_of_Operation | C98: Byte | D98: R | E98: W | F98: 1= MWCS will write when stacker to receive single system/KO pallet 2= MWCS will write when stacker to receive full SP/KO stack 3 = Single pass through 4 = Stack pass through 5 = MWCS will write when stacker to receive SP + KO pallet same will become zero after "State=4 or 5" received from PLC. | H98: Added for receiving the single pallet or stack pallet
A99: StackDestackStationIP[X]. | B99: Read_Loading_type | C99: Byte | D99: R | E99: W | F99: 1= WCS will write this when it want to load pallet at loading station 99= WCS will set this value when"Read_Loading_type_Ack"=2 received from PLC. 0 = WCS will set this value when"Read_Loading_type_Ack"=0 received from PLC. | H99: Added for receiving the single pallet or stack pallet
A100: StackDestackStationOP[X]. | B100: Read_Loading_type_Ack | C100: Byte | D100: W | E100: R | F100: PLC Will write ACK to WCS. 0=will become zero after"Read_Loading_type" = 99 from WCS. 1= Spare; 2 = OK;
...

Sheet Station Details
B3: Name | C3: Inbound | D3: ASRS | E3: OB to Man Unwrapping | F3: GTP | G3: Outbound | H3: Flammable | I3: Prod G AMB | J3: Prod G Cold | K3: Prod G floor | L3: Prod G+1&2 AMB | M3: Prod G+1&2 Cold | N3: Prod G 10M AMB | O3: Prod G+1 10M AMB
B4: ConveyorStation | C4: ='EZ1 Inbound'!U7 -> 34 | D4: ='EZ2 ASRS'!U7 -> 38 | E4: ='EZ17 OB to Man Unwrapping'!U7 -> 30 | F4: ='EZ10 GTP'!U7 -> 21 | G4: ='EZ3 Outbound'!U7 -> 31 | H4: ='EZ4 Flammable'!U7 -> 5 | I4: ='EZ5 Prod G AMB'!U7 -> 36 | J4: ='EZ7 Prod G Cold'!U7 -> 42 | K4: ='EZ6 Prod G floor'!U7 -> 10 | L4: ='EZ8 Prod G+1&2 AMB'!U7 -> 49 | M4: ='EZ9 Prod G+1&2 Cold'!U7 -> 47 | N4: ='EZ15 Prod G 10M AMB'!U7 -> 21 | O4: ='EZ16 Prod G+1 10M AMB'!U7 -> 35 | P4: =SUM(C4:O4) -> 399
B5: CrossTransferStation | C5: ='EZ1 Inbound'!U8 -> 8 | D5: ='EZ2 ASRS'!U8 -> 12 | E5: ='EZ17 OB to Man Unwrapping'!U8 -> 5 | F5: ='EZ10 GTP'!U8 -> 7 | G5: ='EZ3 Outbound'!U8 -> 9 | H5: ='EZ4 Flammable'!U8 -> 1 | I5: ='EZ5 Prod G AMB'!U8 -> 10 | J5: ='EZ7 Prod G Cold'!U8 -> 6 | K5: ='EZ6 Prod G floor'!U8 -> 6 | L5: ='EZ8 Prod G+1&2 AMB'!U8 -> 14 | M5: ='EZ9 Prod G+1&2 Cold'!U8 -> 15 | N5: ='EZ15 Prod G 10M AMB'!U8 -> 6 | O5: ='EZ16 Prod G+1 10M AMB'!U8 -> 7 | P5: =SUM(C5:O5) -> 106
B6: Decision | C6: ='EZ1 Inbound'!U9 -> 8 | D6: ='EZ2 ASRS'!U9 -> 12 | E6: ='EZ17 OB to Man Unwrapping'!U9 -> 4 | F6: ='EZ10 GTP'!U9 -> 5 | G6: ='EZ3 Outbound'!U9 -> 9 | H6: ='EZ4 Flammable'!#REF! -> #REF! | I6: ='EZ5 Prod G AMB'!U9 -> 9 | J6: ='EZ7 Prod G Cold'!U9 -> 6 | K6: ='EZ6 Prod G floor'!U9 -> 3 | L6: ='EZ8 Prod G+1&2 AMB'!U9 -> 15 | M6: ='EZ9 Prod G+1&2 Cold'!U9 -> 21 | N6: ='EZ15 Prod G 10M AMB'!U9 -> 6 | O6: ='EZ16 Prod G+1 10M AMB'!U9 -> 11 | P6: =SUM(C6:O6) -> #REF!
B7: LoadingStation | C7: ='EZ1 Inbound'!U10 -> 5 | D7: ='EZ2 ASRS'!U10 -> 4 | E7: ='EZ17 OB to Man Unwrapping'!U10 -> 0 | F7: ='EZ10 GTP'!U10 -> 2 | G7: ='EZ3 Outbound'!U10 -> 9 | H7: ='EZ4 Flammable'!U9 -> 1 | I7: ='EZ5 Prod G AMB'!U10 -> 2 | J7: ='EZ7 Prod G Cold'!U10 -> 23 | K7: ='EZ6 Prod G floor'!U10 -> 2 | L7: ='EZ8 Prod G+1&2 AMB'!U10 -> 4 | M7: ='EZ9 Prod G+1&2 Cold'!U10 -> 4 | N7: ='EZ15 Prod G 10M AMB'!U10 -> 2 | O7: ='EZ16 Prod G+1 10M AMB'!U10 -> 2 | P7: =SUM(C7:O7) -> 60
B8: UnloadingStation | C8: ='EZ1 Inbound'!U11 -> 5 | D8: ='EZ2 ASRS'!U11 -> 5 | E8: ='EZ17 OB to Man Unwrapping'!U11 -> 3 | F8: ='EZ10 GTP'!U11 -> 3 | G8: ='EZ3 Outbound'!U11 -> 11 | H8: ='EZ4 Flammable'!U10 -> 1 | I8: ='EZ5 Prod G AMB'!U11 -> 3 | J8: ='EZ7 Prod G Cold'!U11 -> 22 | K8: ='EZ6 Prod G floor'!U11 -> 2 | L8: ='EZ8 Prod G+1&2 AMB'!U11 -> 6 | M8: ='EZ9 Prod G+1&2 Cold'!U11 -> 4 | N8: ='EZ15 Prod G 10M AMB'!U11 -> 1 | O8: ='EZ16 Prod G+1 10M AMB'!U11 -> 1 | P8: =SUM(C8:O8) -> 67
B9: StackDestackStation | C9: ='EZ1 Inbound'!U12 -> 4 | D9: ='EZ2 ASRS'!U12 -> 0 | E9: ='EZ17 OB to Man Unwrapping'!U12 -> 0 | F9: ='EZ10 GTP'!U12 -> 3 | G9: ='EZ3 Outbound'!U12 -> 4 | H9: ='EZ4 Flammable'!U11 -> 0 | I9: ='EZ5 Prod G AMB'!U12 -> 4 | J9: ='EZ7 Prod G Cold'!U12 -> 2 | K9: ='EZ6 Prod G floor'!U12 -> 1 | L9: ='EZ8 Prod G+1&2 AMB'!U12 -> 2 | M9: ='EZ9 Prod G+1&2 Cold'!U12 -> 2 | N9: ='EZ15 Prod G 10M AMB'!U12 -> 2 | O9: ='EZ16 Prod G+1 10M AMB'!U12 -> 1 | P9: =SUM(C9:O9) -> 25
B10: ProfileCheckStation | C10: ='EZ1 Inbound'!U13 -> 1 | D10: ='EZ2 ASRS'!U13 -> 0 | E10: ='EZ17 OB to Man Unwrapping'!U13 -> 0 | F10: ='EZ10 GTP'!U13 -> 0 | G10: ='EZ3 Outbound'!U13 -> 1 | H10: ='EZ4 Flammable'!U12 -> 0 | I10: ='EZ5 Prod G AMB'!U13 -> 2 | J10: ='EZ7 Prod G Cold'!U13 -> 2 | K10: ='EZ6 Prod G floor'!U13 -> 1 | L10: ='EZ8 Prod G+1&2 AMB'!U13 -> 2 | M10: ='EZ9 Prod G+1&2 Cold'!U13 -> 2 | N10: ='EZ15 Prod G 10M AMB'!U13 -> 2 | O10: ='EZ16 Prod G+1 10M AMB'!U13 -> 1 | P10: =SUM(C10:O10) -> 14
B11: TurnTableStation | C11: ='EZ1 Inbound'!U14 -> 0 | D11: ='EZ2 ASRS'!U14 -> 0 | E11: ='EZ17 OB to Man Unwrapping'!U14 -> 2 | F11: ='EZ10 GTP'!U14 -> 0 | G11: ='EZ3 Outbound'!U14 -> 0 | H11: ='EZ4 Flammable'!U13 -> 0 | I11: ='EZ5 Prod G AMB'!U14 -> 0 | J11: ='EZ7 Prod G Cold'!U14 -> 0 | K11: ='EZ6 Prod G floor'!U14 -> 0 | L11: ='EZ8 Prod G+1&2 AMB'!U14 -> 0 | M11: ='EZ9 Prod G+1&2 Cold'!U14 -> 0 | N11: ='EZ15 Prod G 10M AMB'!U14 -> 0 | O11: ='EZ16 Prod G+1 10M AMB'!U14 -> 1 | P11: =SUM(C11:O11) -> 3
B12: LabellingStation | C12: ='EZ1 Inbound'!U15 -> 1 | D12: ='EZ2 ASRS'!U15 -> 0 | E12: ='EZ17 OB to Man Unwrapping'!U15 -> 0 | F12: ='EZ10 GTP'!U15 -> 0 | G12: ='EZ3 Outbound'!U15 -> 1 | H12: ='EZ4 Flammable'!U10 -> 1 | I12: ='EZ5 Prod G AMB'!U15 -> 0 | J12: ='EZ7 Prod G Cold'!U15 -> 0 | K12: ='EZ6 Prod G floor'!U15 -> 0 | L12: ='EZ8 Prod G+1&2 AMB'!U15 -> 0 | M12: ='EZ9 Prod G+1&2 Cold'!U15 -> 0 | N12: ='EZ15 Prod G 10M AMB'!U15 -> 0 | O12: ='EZ16 Prod G+1 10M AMB'!U15 -> 0 | P12: =SUM(C12:O12) -> 3
B13: WrappingStation | C13: ='EZ1 Inbound'!U16 -> 1 | D13: ='EZ2 ASRS'!U16 -> 0 | E13: ='EZ17 OB to Man Unwrapping'!U16 -> 0 | F13: ='EZ10 GTP'!U16 -> 0 | G13: ='EZ3 Outbound'!U16 -> 1 | H13: ='EZ4 Flammable'!U11 -> 0 | I13: ='EZ5 Prod G AMB'!U16 -> 0 | J13: ='EZ7 Prod G Cold'!U16 -> 0 | K13: ='EZ6 Prod G floor'!U16 -> 0 | L13: ='EZ8 Prod G+1&2 AMB'!U16 -> 1 | M13: ='EZ9 Prod G+1&2 Cold'!U16 -> 0 | N13: ='EZ15 Prod G 10M AMB'!U16 -> 0 | O13: ='EZ16 Prod G+1 10M AMB'!U16 -> 1 | P13: =SUM(C13:O13) -> 4
B14: Zone | C14: ='EZ1 Inbound'!U17 -> 0 | D14: ='EZ2 ASRS'!U17 -> 0 | E14: ='EZ17 OB to Man Unwrapping'!U17 -> 0 | F14: ='EZ10 GTP'!U17 -> 1 | G14: ='EZ3 Outbound'!U17 -> 4 | H14: ='EZ4 Flammable'!U12 -> 0 | I14: ='EZ5 Prod G AMB'!U17 -> 0 | J14: ='EZ7 Prod G Cold'!U17 -> 21 | K14: ='EZ6 Prod G floor'!U17 -> 3 | L14: ='EZ8 Prod G+1&2 AMB'!U17 -> 2 | M14: ='EZ9 Prod G+1&2 Cold'!U17 -> 2 | N14: ='EZ15 Prod G 10M AMB'!U17 -> 0 | O14: ='EZ16 Prod G+1 10M AMB'!U17 -> 1 | P14: =SUM(C14:O14) -> 34
B15: SeparatorStation | C15: ='EZ1 Inbound'!U18 -> 0 | D15: ='EZ2 ASRS'!U18 -> 0 | E15: ='EZ17 OB to Man Unwrapping'!U18 -> 0 | F15: ='EZ10 GTP'!U18 -> 2 | G15: ='EZ3 Outbound'!U18 -> 0 | H15: ='EZ4 Flammable'!U13 -> 0 | I15: ='EZ5 Prod G AMB'!U18 -> 5 | J15: ='EZ7 Prod G Cold'!U18 -> 3 | K15: ='EZ6 Prod G floor'!V18 -> 0 | L15: ='EZ8 Prod G+1&2 AMB'!U18 -> 0 | M15: ='EZ9 Prod G+1&2 Cold'!U18 -> 0 | N15: ='EZ15 Prod G 10M AMB'!U18 -> 3 | O15: ='EZ16 Prod G+1 10M AMB'!U18 -> 1 | P15: =SUM(C15:O15) -> 14
B16: ElevatorStation | C16: ='EZ1 Inbound'!U19 -> 0 | D16: ='EZ2 ASRS'!U19 -> 0 | E16: ='EZ17 OB to Man Unwrapping'!U19 -> 0 | F16: ='EZ10 GTP'!U19 -> 0 | G16: ='EZ3 Outbound'!U19 -> 0 | H16: ='EZ4 Flammable'!V14 -> 0 | I16: ='EZ5 Prod G AMB'!U19 -> 0 | J16: ='EZ7 Prod G Cold'!U19 -> 0 | K16: ='EZ6 Prod G floor'!V19 -> 2 | L16: ='EZ8 Prod G+1&2 AMB'!U19 -> 0 | M16: ='EZ9 Prod G+1&2 Cold'!U19 -> 2 | N16: ='EZ15 Prod G 10M AMB'!U19 -> 0 | O16: ='EZ16 Prod G+1 10M AMB'!U19 -> 0 | P16: =SUM(C16:O16) -> 4
B17: GTPDecision | C17: 0 | D17: 0 | E17: 0 | F17: ='EZ10 GTP'!U18 -> 2 | G17: 0 | H17: 0 | I17: 0 | J17: 0 | K17: 0 | L17: 0 | M17: 0 | N17: 0 | O17: 0 | P17: =SUM(C17:O17) -> 2

Sheet EZ1 Inbound
A1: ID | B1: Name | C1: PLC ID | D1: Zone ID | E1: Functionality 1 with Array Index | F1: Functionality 2 with Array Index | G1: Functionality 3 with Array Index | H1: Functionality 4 with Array Index | I1: Functionality 5 with Array Index | J1: Functionality Logging purpose only | K1: Barcode Present (Yes/No) | L1: Source requirement | M1: Destination requirement | N1: Remarks
A2: =IF(ISNUMBER(SEARCH("CT",B2)),"1"&MID(B2,2,FIND("CT",B2)-2)&RIGHT(B2,1),MID(B2,2,FIND("C",B2)-2)&RIGHT(B2,1)) -> 31 | B2: B3C1 | C2: Inbound | D2: 1 | E2: =IF(ISNUMBER(SEARCH("CT",B2)), "CrossTransferStation[" & (Q$3 + COUNTIF($B$2:B2,"*CT*")-1) & "]", IF(AND(ISNUMBER(SEARCH("C",B2)),NOT(ISNUMBER(SEARCH("CT",B2)))), "ConveyorStation[" & (Q$2 + COUNTIF($B$2:B2,"*C*") - COUNTIF($B$2:B2,"*CT*")-1) & "]", "")) -> ConveyorStation[1] | F2: LoadingStation[1] | J2: CNV_Movimot_Drive[1] | K2: No | L2: Yes | M2: No | P2: CNC Start No | Q2: 1
A3: =IF(ISNUMBER(SEARCH("CT",B3)),"1"&MID(B3,2,FIND("CT",B3)-2)&RIGHT(B3,1),MID(B3,2,FIND("C",B3)-2)&RIGHT(B3,1)) -> 32 | B3: B3C2 | C3: Inbound | D3: 1 | E3: =IF(ISNUMBER(SEARCH("CT",B3)), "CrossTransferStation[" & (Q$3 + COUNTIF($B$2:B3,"*CT*")-1) & "]", IF(AND(ISNUMBER(SEARCH("C",B3)),NOT(ISNUMBER(SEARCH("CT",B3)))), "ConveyorStation[" & (Q$2 + COUNTIF($B$2:B3,"*C*") - COUNTIF($B$2:B3,"*CT*")-1) & "]", "")) -> ConveyorStation[2] | F3: StackDestackStation[3] | J3: CNV_Movimot_Drive[2] STR_Lifter_Movimot_Drive[2] STR_Gripper_Movimot_Drive[2] | K3: No | L3: Yes | M3: Yes | P3: CT Start No | Q3: 1
A4: =IF(ISNUMBER(SEARCH("CT",B4)),"1"&MID(B4,2,FIND("CT",B4)-2)&RIGHT(B4,1),MID(B4,2,FIND("C",B4)-2)&RIGHT(B4,1)) -> 33 | B4: B3C3 | C4: Inbound | D4: 1 | E4: =IF(ISNUMBER(SEARCH("CT",B4)), "CrossTransferStation[" & (Q$3 + COUNTIF($B$2:B4,"*CT*")-1) & "]", IF(AND(ISNUMBER(SEARCH("C",B4)),NOT(ISNUMBER(SEARCH("CT",B4)))), "ConveyorStation[" & (Q$2 + COUNTIF($B$2:B4,"*C*") - COUNTIF($B$2:B4,"*CT*")-1) & "]", "")) -> ConveyorStation[3] | J4: CNV_Movimot_Drive[3] | K4: No | L4: No | M4: No
A5: =IF(ISNUMBER(SEARCH("CT",B5)),"1"&MID(B5,2,FIND("CT",B5)-2)&RIGHT(B5,1),MID(B5,2,FIND("C",B5)-2)&RIGHT(B5,1)) -> 131 | B5: B3CT1 | C5: Inbound | D5: 1 | E5: =IF(ISNUMBER(SEARCH("CT",B5)), "CrossTransferStation[" & (Q$3 + COUNTIF($B$2:B5,"*CT*")-1) & "]", IF(AND(ISNUMBER(SEARCH("C",B5)),NOT(ISNUMBER(SEARCH("CT",B5)))), "ConveyorStation[" & (Q$2 + COUNTIF($B$2:B5,"*C*") - COUNTIF($B$2:B5,"*CT*")-1) & "]", "")) -> CrossTransferStation[1] | F5: Decision[1] | J5: CT_Movifit_Drive[1] CT_Moviswitch_Drive[1] CT_SP_Barcode_Scanner[1] | K5: Yes | L5: Yes | M5: Yes
A6: =IF(ISNUMBER(SEARCH("CT",B6)),"1"&MID(B6,2,FIND("CT",B6)-2)&RIGHT(B6,1),MID(B6,2,FIND("C",B6)-2)&RIGHT(B6,1)) -> 41 | B6: B4C1 | C6: Inbound | D6: 1 | E6: =IF(ISNUMBER(SEARCH("CT",B6)), "CrossTransferStation[" & (Q$3 + COUNTIF($B$2:B6,"*CT*")-1) & "]", IF(AND(ISNUMBER(SEARCH("C",B6)),NOT(ISNUMBER(SEARCH("CT",B6)))), "ConveyorStation[" & (Q$2 + COUNTIF($B$2:B6,"*C*") - COUNTIF($B$2:B6,"*CT*")-1) & "]", "")) -> ConveyorStation[4] | F6: LoadingStation[2] | J6: CNV_Movimot_Drive[4] | K6: No | L6: Yes | M6: No | P6: Name | Q6: Min | R6: Max | S6: No of Spare | T6: Next Stn No
A7: =IF(ISNUMBER(SEARCH("CT",B7)),"1"&MID(B7,2,FIND("CT",B7)-2)&RIGHT(B7,1),MID(B7,2,FIND("C",B7)-2)&RIGHT(B7,1)) -> 42 | B7: B4C2 | C7: Inbound | D7: 1 | E7: =IF(ISNUMBER(SEARCH("CT",B7)), "CrossTransferStation[" & (Q$3 + COUNTIF($B$2:B7,"*CT*")-1) & "]", IF(AND(ISNUMBER(SEARCH("C",B7)),NOT(ISNUMBER(SEARCH("CT",B7)))), "ConveyorStation[" & (Q$2 + COUNTIF($B$2:B7,"*C*") - COUNTIF($B$2:B7,"*CT*")-1) & "]", "")) -> ConveyorStation[5] | F7: StackDestackStation[4] | J7: CNV_Movimot_Drive[5] STR_Lifter_Movimot_Drive[5] STR_Gripper_Movimot_Drive[5] | K7: No | L7: Yes | M7: Yes | P7: ConveyorStation | Q7: 1 | R7: 34 | S7: 10 | T7: =SUM(R7:S7)+1 -> 45 | U7: =T7-S7-Q7 -> 34
A8: =IF(ISNUMBER(SEARCH("CT",B8)),"1"&MID(B8,2,FIND("CT",B8)-2)&RIGHT(B8,1),MID(B8,2,FIND("C",B8)-2)&RIGHT(B8,1)) -> 43 | B8: B4C3 | C8: Inbound | D8: 1 | E8: =IF(ISNUMBER(SEARCH("CT",B8)), "CrossTransferStation[" & (Q$3 + COUNTIF($B$2:B8,"*CT*")-1) & "]", IF(AND(ISNUMBER(SEARCH("C",B8)),NOT(ISNUMBER(SEARCH("CT",B8)))), "ConveyorStation[" & (Q$2 + COUNTIF($B$2:B8,"*C*") - COUNTIF($B$2:B8,"*CT*")-1) & "]", "")) -> ConveyorStation[6] | J8: CNV_Movimot_Drive[6] | K8: No | L8: No | M8: No | P8: CrossTransferStation | Q8: 1 | R8: 8 | S8: 10 | T8: =SUM(R8:S8)+1 -> 19 | U8: =T8-S8-Q8 -> 8
A9: =IF(ISNUMBER(SEARCH("CT",B9)),"1"&MID(B9,2,FIND("CT",B9)-2)&RIGHT(B9,1),MID(B9,2,FIND("C",B9)-2)&RIGHT(B9,1)) -> 141 | B9: B4CT1 | C9: Inbound | D9: 1 | E9: =IF(ISNUMBER(SEARCH("CT",B9)), "CrossTransferStation[" & (Q$3 + COUNTIF($B$2:B9,"*CT*")-1) & "]", IF(AND(ISNUMBER(SEARCH("C",B9)),NOT(ISNUMBER(SEARCH("CT",B9)))), "ConveyorStation[" & (Q$2 + COUNTIF($B$2:B9,"*C*") - COUNTIF($B$2:B9,"*CT*")-1) & "]", "")) -> CrossTransferStation[2] | F9: Decision[2] | J9: CT_Movifit_Drive[2] CT_Moviswitch_Drive[2] CT_SP_Barcode_Scanner[2] | K9: Yes | L9: Yes | M9: Yes | P9: Decision | Q9: 1 | R9: 8 | S9: 10 | T9: =SUM(R9:S9)+1 -> 19 | U9: =T9-S9-Q9 -> 8
A10: =IF(ISNUMBER(SEARCH("CT",B10)),"1"&MID(B10,2,FIND("CT",B10)-2)&RIGHT(B10,1),MID(B10,2,FIND("C",B10)-2)&RIGHT(B10,1)) -> 51 | B10: B5C1 | C10: Inbound | D10: 1 | E10: =IF(ISNUMBER(SEARCH("CT",B10)), "CrossTransferStation[" & (Q$3 + COUNTIF($B$2:B10,"*CT*")-1) & "]", IF(AND(ISNUMBER(SEARCH("C",B10)),NOT(ISNUMBER(SEARCH("CT",B10)))), "ConveyorStation[" & (Q$2 + COUNTIF($B$2:B10,"*C*") - COUNTIF($B$2:B10,"*CT*")-1) & "]", "")) -> ConveyorStation[7] | F10: LoadingStation[3] | J10: CNV_Movimot_Drive[7] | K10: No | L10: Yes | M10: No | P10: LoadingStation | Q10: 1 | R10: 5 | S10: 10 | T10: =SUM(R10:S10)+1 -> 16 | U10: =T10-S10-Q10 -> 5
A11: =IF(ISNUMBER(SEARCH("CT",B11)),"1"&MID(B11,2,FIND("CT",B11)-2)&RIGHT(B11,1),MID(B11,2,FIND("C",B11)-2)&RIGHT(B11,1)) -> 52 | B11: B5C2 | C11: Inbound | D11: 1 | E11: =IF(ISNUMBER(SEARCH("CT",B11)), "CrossTransferStation[" & (Q$3 + COUNTIF($B$2:B11,"*CT*")-1) & "]", IF(AND(ISNUMBER(SEARCH("C",B11)),NOT(ISNUMBER(SEARCH("CT",B11)))), "ConveyorStation[" & (Q$2 + COUNTIF($B$2:B11,"*C*") - COUNTIF($B$2:B11,"*CT*")-1) & "]", "")) -> ConveyorStation[8] | F11: LoadingStation[4] | J11: CNV_Movimot_Drive[8] | K11: No | L11: Yes | M11: No | P11: UnloadingStation | Q11: 1 | R11: 5 | S11: 10 | T11: =SUM(R11:S11)+1 -> 16 | U11: =T11-S11-Q11 -> 5
A12: =IF(ISNUMBER(SEARCH("CT",B12)),"1"&MID(B12,2,FIND("CT",B12)-2)&RIGHT(B12,1),MID(B12,2,FIND("C",B12)-2)&RIGHT(B12,1)) -> 53 | B12: B5C3 | C12: Inbound | D12: 1 | E12: =IF(ISNUMBER(SEARCH("CT",B12)), "CrossTransferStation[" & (Q$3 + COUNTIF($B$2:B12,"*CT*")-1) & "]", IF(AND(ISNUMBER(SEARCH("C",B12)),NOT(ISNUMBER(SEARCH("CT",B12)))), "ConveyorStation[" & (Q$2 + COUNTIF($B$2:B12,"*C*") - COUNTIF($B$2:B12,"*CT*")-1) & "]", "")) -> ConveyorStation[9] | J12: CNV_Movimot_Drive[9] | K12: No | L12: No | M12: No | P12: StackDestackStation | Q12: 1 | R12: 4 | S12: 10 | T12: =SUM(R12:S12)+1 -> 15 | U12: =T12-S12-Q12 -> 4
A13: =IF(ISNUMBER(SEARCH("CT",B13)),"1"&MID(B13,2,FIND("CT",B13)-2)&RIGHT(B13,1),MID(B13,2,FIND("C",B13)-2)&RIGHT(B13,1)) -> 151 | B13: B5CT1 | C13: Inbound | D13: 1 | E13: =IF(ISNUMBER(SEARCH("CT",B13)), "CrossTransferStation[" & (Q$3 + COUNTIF($B$2:B13,"*CT*")-1) & "]", IF(AND(ISNUMBER(SEARCH("C",B13)),NOT(ISNUMBER(SEARCH("CT",B13)))), "ConveyorStation[" & (Q$2 + COUNTIF($B$2:B13,"*C*") - COUNTIF($B$2:B13,"*CT*")-1) & "]", "")) -> CrossTransferStation[3] | F13: Decision[3] | J13: CT_Movifit_Drive[3] CT_Moviswitch_Drive[3] CT_SP_Barcode_Scanner[3] | K13: Yes | L13: Yes | M13: Yes | P13: ProfileCheckStation | Q13: 1 | R13: 1 | S13: 10 | T13: =SUM(R13:S13)+1 -> 12 | U13: =T13-S13-Q13 -> 1
A14: =IF(ISNUMBER(SEARCH("CT",B14)),"1"&MID(B14,2,FIND("CT",B14)-2)&RIGHT(B14,1),MID(B14,2,FIND("C",B14)-2)&RIGHT(B14,1)) -> 61 | B14: B6C1 | C14: Inbound | D14: 1 | E14: =IF(ISNUMBER(SEARCH("CT",B14)), "CrossTransferStation[" & (Q$3 + COUNTIF($B$2:B14,"*CT*")-1) & "]", IF(AND(ISNUMBER(SEARCH("C",B14)),NOT(ISNUMBER(SEARCH("CT",B14)))), "ConveyorStation[" & (Q$2 + COUNTIF($B$2:B14,"*C*") - COUNTIF($B$2:B14,"*CT*")-1) & "]", "")) -> ConveyorStation[10] | F14: LoadingStation[5] | J14: CNV_Movimot_Drive[10] | K14: No | L14: Yes | M14: No | P14: TurnTableStation
A15: =IF(ISNUMBER(SEARCH("CT",B15)),"1"&MID(B15,2,FIND("CT",B15)-2)&RIGHT(B15,1),MID(B15,2,FIND("C",B15)-2)&RIGHT(B15,1)) -> 62 | B15: B6C2 | C15: Inbound | D15: 1 | E15: =IF(ISNUMBER(SEARCH("CT",B15)), "CrossTransferStation[" & (Q$3 + COUNTIF($B$2:B15,"*CT*")-1) & "]", IF(AND(ISNUMBER(SEARCH("C",B15)),NOT(ISNUMBER(SEARCH("CT",B15)))), "ConveyorStation[" & (Q$2 + COUNTIF($B$2:B15,"*C*") - COUNTIF($B$2:B15,"*CT*")-1) & "]", "")) -> ConveyorStation[11] | F15: ProfileCheckStation[1] | J15: CNV_Movimot_Drive[11] CNV_SP_Barcode_Scanner[11] Tunnel_Scanner | K15: Yes | L15: No | M15: Yes | P15: LabellingStation | Q15: 1 | R15: 1 | S15: 10 | T15: =SUM(R15:S15)+1 -> 12 | U15: =T15-S15-Q15 -> 1
A16: =IF(ISNUMBER(SEARCH("CT",B16)),"1"&MID(B16,2,FIND("CT",B16)-2)&RIGHT(B16,1),MID(B16,2,FIND("C",B16)-2)&RIGHT(B16,1)) -> 63 | B16: B6C3 | C16: Inbound | D16: 1 | E16: =IF(ISNUMBER(SEARCH("CT",B16)), "CrossTransferStation[" & (Q$3 + COUNTIF($B$2:B16,"*CT*")-1) & "]", IF(AND(ISNUMBER(SEARCH("C",B16)),NOT(ISNUMBER(SEARCH("CT",B16)))), "ConveyorStation[" & (Q$2 + COUNTIF($B$2:B16,"*C*") - COUNTIF($B$2:B16,"*CT*")-1) & "]", "")) -> ConveyorStation[12] | F16: UnloadingStation[1] | J16: CNV_Movimot_Drive[12] | K16: No | L16: No | M16: Yes | P16: WrappingStation | Q16: 1 | R16: 1 | S16: 10 | T16: =SUM(R16:S16)+1 -> 12 | U16: =T16-S16-Q16 -> 1
A17: =IF(ISNUMBER(SEARCH("CT",B17)),"1"&MID(B17,2,FIND("CT",B17)-2)&RIGHT(B17,1),MID(B17,2,FIND("C",B17)-2)&RIGHT(B17,1)) -> 161 | B17: B6CT1 | C17: Inbound | D17: 1 | E17: =IF(ISNUMBER(SEARCH("CT",B17)), "CrossTransferStation[" & (Q$3 + COUNTIF($B$2:B17,"*CT*")-1) & "]", IF(AND(ISNUMBER(SEARCH("C",B17)),NOT(ISNUMBER(SEARCH("CT",B17)))), "ConveyorStation[" & (Q$2 + COUNTIF($B$2:B17,"*C*") - COUNTIF($B$2:B17,"*CT*")-1) & "]", "")) -> CrossTransferStation[4] | F17: Decision[4] | J17: CT_Movifit_Drive[4] CT_Moviswitch_Drive[4] | K17: No | L17: Yes | M17: No | P17: Zone
A18: =IF(ISNUMBER(SEARCH("CT",B18)),"1"&MID(B18,2,FIND("CT",B18)-2)&RIGHT(B18,1),MID(B18,2,FIND("C",B18)-2)&RIGHT(B18,1)) -> 162 | B18: B6CT2 | C18: Inbound | D18: 1 | E18: =IF(ISNUMBER(SEARCH("CT",B18)), "CrossTransferStation[" & (Q$3 + COUNTIF($B$2:B18,"*CT*")-1) & "]", IF(AND(ISNUMBER(SEARCH("C",B18)),NOT(ISNUMBER(SEARCH("CT",B18)))), "ConveyorStation[" & (Q$2 + COUNTIF($B$2:B18,"*C*") - COUNTIF($B$2:B18,"*CT*")-1) & "]", "")) -> CrossTransferStation[5] | F18: Decision[5] | J18: CT_Movifit_Drive[5] CT_Moviswitch_Drive[5] | K18: No | L18: No | M18: Yes
A19: =IF(ISNUMBER(SEARCH("CT",B19)),"1"&MID(B19,2,FIND("CT",B19)-2)&RIGHT(B19,1),MID(B19,2,FIND("C",B19)-2)&RIGHT(B19,1)) -> 71 | B19: B7C1 | C19: Inbound | D19: 1 | E19: =IF(ISNUMBER(SEARCH("CT",B19)), "CrossTransferStation[" & (Q$3 + COUNTIF($B$2:B19,"*CT*")-1) & "]", IF(AND(ISNUMBER(SEARCH("C",B19)),NOT(ISNUMBER(SEARCH("CT",B19)))), "ConveyorStation[" & (Q$2 + COUNTIF($B$2:B19,"*C*") - COUNTIF($B$2:B19,"*CT*")-1) & "]", "")) -> ConveyorStation[13] | F19: LabellingStation[1] | J19: CNV_Movimot_Drive[13] CNV_SP_Barcode_Scannerr[13] Labelling_ScannerOP[1] | K19: Yes | L19: No | M19: Yes
A20: =IF(ISNUMBER(SEARCH("CT",B20)),"1"&MID(B20,2,FIND("CT",B20)-2)&RIGHT(B20,1),MID(B20,2,FIND("C",B20)-2)&RIGHT(B20,1)) -> 72 | B20: B7C2 | C20: Inbound | D20: 1 | E20: =IF(ISNUMBER(SEARCH("CT",B20)), "CrossTransferStation[" & (Q$3 + COUNTIF($B$2:B20,"*CT*")-1) & "]", IF(AND(ISNUMBER(SEARCH("C",B20)),NOT(ISNUMBER(SEARCH("CT",B20)))), "ConveyorStation[" & (Q$2 + COUNTIF($B$2:B20,"*C*") - COUNTIF($B$2:B20,"*CT*")-1) & "]", "")) -> ConveyorStation[14] | F20: WrappingStation[1] | J20: CNV_Movimot_Drive[14] | K20: No | L20: No | M20: Yes
A21: =IF(ISNUMBER(SEARCH("CT",B21)),"1"&MID(B21,2,FIND("CT",B21)-2)&RIGHT(B21,1),MID(B21,2,FIND("C",B21)-2)&RIGHT(B21,1)) -> 73 | B21: B7C3 | C21: Inbound | D21: 1 | E21: =IF(ISNUMBER(SEARCH("CT",B21)), "CrossTransferStation[" & (Q$3 + COUNTIF($B$2:B21,"*CT*")-1) & "]", IF(AND(ISNUMBER(SEARCH("C",B21)),NOT(ISNUMBER(SEARCH("CT",B21)))), "ConveyorStation[" & (Q$2 + COUNTIF($B$2:B21,"*C*") - COUNTIF($B$2:B21,"*CT*")-1) & "]", "")) -> ConveyorStation[15] | J21: CNV_Movimot_Drive[15] | K21: No | L21: No | M21: No
A22: =IF(ISNUMBER(SEARCH("CT",B22)),"1"&MID(B22,2,FIND("CT",B22)-2)&RIGHT(B22,1),MID(B22,2,FIND("C",B22)-2)&RIGHT(B22,1)) -> 74 | B22: B7C4 | C22: Inbound | D22: 1 | E22: =IF(ISNUMBER(SEARCH("CT",B22)), "CrossTransferStation[" & (Q$3 + COUNTIF($B$2:B22,"*CT*")-1) & "]", IF(AND(ISNUMBER(SEARCH("C",B22)),NOT(ISNUMBER(SEARCH("CT",B22)))), "ConveyorStation[" & (Q$2 + COUNTIF($B$2:B22,"*C*") - COUNTIF($B$2:B22,"*CT*")-1) & "]", "")) -> ConveyorStation[16] | J22: CNV_Movimot_Drive[16] | K22: No | L22: No | M22: Yes
A23: =IF(ISNUMBER(SEARCH("CT",B23)),"1"&MID(B23,2,FIND("CT",B23)-2)&RIGHT(B23,1),MID(B23,2,FIND("C",B23)-2)&RIGHT(B23,1)) -> 81 | B23: B8C1 | C23: Inbound | D23: 1 | E23: =IF(ISNUMBER(SEARCH("CT",B23)), "CrossTransferStation[" & (Q$3 + COUNTIF($B$2:B23,"*CT*")-1) & "]", IF(AND(ISNUMBER(SEARCH("C",B23)),NOT(ISNUMBER(SEARCH("CT",B23)))), "ConveyorStation[" & (Q$2 + COUNTIF($B$2:B23,"*C*") - COUNTIF($B$2:B23,"*CT*")-1) & "]", "")) -> ConveyorStation[17] | F23: UnloadingStation[2] | J23: CNV_Movimot_Drive[17] | K23: No | L23: No | M23: Yes
A24: =IF(ISNUMBER(SEARCH("CT",B24)),"1"&MID(B24,2,FIND("CT",B24)-2)&RIGHT(B24,1),MID(B24,2,FIND("C",B24)-2)&RIGHT(B24,1)) -> 82 | B24: B8C2 | C24: Inbound | D24: 1 | E24: =IF(ISNUMBER(SEARCH("CT",B24)), "CrossTransferStation[" & (Q$3 + COUNTIF($B$2:B24,"*CT*")-1) & "]", IF(AND(ISNUMBER(SEARCH("C",B24)),NOT(ISNUMBER(SEARCH("CT",B24)))), "ConveyorStation[" & (Q$2 + COUNTIF($B$2:B24,"*C*") - COUNTIF($B$2:B24,"*CT*")-1) & "]", "")) -> ConveyorStation[18] | F24: UnloadingStation[3] | J24: CNV_Movimot_Drive[18] | K24: No | L24: No | M24: Yes
A25: =IF(ISNUMBER(SEARCH("CT",B25)),"1"&MID(B25,2,FIND("CT",B25)-2)&RIGHT(B25,1),MID(B25,2,FIND("C",B25)-2)&RIGHT(B25,1)) -> 83 | B25: B8C3 | C25: Inbound | D25: 1 | E25: =IF(ISNUMBER(SEARCH("CT",B25)), "CrossTransferStation[" & (Q$3 + COUNTIF($B$2:B25,"*CT*")-1) & "]", IF(AND(ISNUMBER(SEARCH("C",B25)),NOT(ISNUMBER(SEARCH("CT",B25)))), "ConveyorStation[" & (Q$2 + COUNTIF($B$2:B25,"*C*") - COUNTIF($B$2:B25,"*CT*")-1) & "]", "")) -> ConveyorStation[19] | J25: CNV_Movimot_Drive[19] | K25: No | L25: No | M25: No
A26: =IF(ISNUMBER(SEARCH("CT",B26)),"1"&MID(B26,2,FIND("CT",B26)-2)&RIGHT(B26,1),MID(B26,2,FIND("C",B26)-2)&RIGHT(B26,1)) -> 181 | B26: B8CT1 | C26: Inbound | D26: 1 | E26: =IF(ISNUMBER(SEARCH("CT",B26)), "CrossTransferStation[" & (Q$3 + COUNTIF($B$2:B26,"*CT*")-1) & "]", IF(AND(ISNUMBER(SEARCH("C",B26)),NOT(ISNUMBER(SEARCH("CT",B26)))), "ConveyorStation[" & (Q$2 + COUNTIF($B$2:B26,"*C*") - COUNTIF($B$2:B26,"*CT*")-1) & "]", "")) -> CrossTransferStation[6] | F26: Decision[6] | J26: CT_Movifit_Drive[6] CT_Moviswitch_Drive[6] CT_SP_Barcode_Scanner[6] | K26: Yes | L26: No | M26: Yes
A27: =IF(ISNUMBER(SEARCH("CT",B27)),"1"&MID(B27,2,FIND("CT",B27)-2)&RIGHT(B27,1),MID(B27,2,FIND("C",B27)-2)&RIGHT(B27,1)) -> 91 | B27: B9C1 | C27: Inbound | D27: 1 | E27: =IF(ISNUMBER(SEARCH("CT",B27)), "CrossTransferStation[" & (Q$3 + COUNTIF($B$2:B27,"*CT*")-1) & "]", IF(AND(ISNUMBER(SEARCH("C",B27)),NOT(ISNUMBER(SEARCH("CT",B27)))), "ConveyorStation[" & (Q$2 + COUNTIF($B$2:B27,"*C*") - COUNTIF($B$2:B27,"*CT*")-1) & "]", "")) -> ConveyorStation[20] | F27: UnloadingStation[4] | J27: CNV_Movimot_Drive[20] | K27: No | L27: No | M27: Yes
A28: =IF(ISNUMBER(SEARCH("CT",B28)),"1"&MID(B28,2,FIND("CT",B28)-2)&RIGHT(B28,1),MID(B28,2,FIND("C",B28)-2)&RIGHT(B28,1)) -> 92 | B28: B9C2 | C28: Inbound | D28: 1 | E28: =IF(ISNUMBER(SEARCH("CT",B28)), "CrossTransferStation[" & (Q$3 + COUNTIF($B$2:B28,"*CT*")-1) & "]", IF(AND(ISNUMBER(SEARCH("C",B28)),NOT(ISNUMBER(SEARCH("CT",B28)))), "ConveyorStation[" & (Q$2 + COUNTIF($B$2:B28,"*C*") - COUNTIF($B$2:B28,"*CT*")-1) & "]", "")) -> ConveyorStation[21] | F28: UnloadingStation[5] | J28: CNV_Movimot_Drive[21] | K28: No | L28: No | M28: Yes
A29: =IF(ISNUMBER(SEARCH("CT",B29)),"1"&MID(B29,2,FIND("CT",B29)-2)&RIGHT(B29,1),MID(B29,2,FIND("C",B29)-2)&RIGHT(B29,1)) -> 93 | B29: B9C3 | C29: Inbound | D29: 1 | E29: =IF(ISNUMBER(SEARCH("CT",B29)), "CrossTransferStation[" & (Q$3 + COUNTIF($B$2:B29,"*CT*")-1) & "]", IF(AND(ISNUMBER(SEARCH("C",B29)),NOT(ISNUMBER(SEARCH("CT",B29)))), "ConveyorStation[" & (Q$2 + COUNTIF($B$2:B29,"*C*") - COUNTIF($B$2:B29,"*CT*")-1) & "]", "")) -> ConveyorStation[22] | J29: CNV_Movimot_Drive[22] | K29: No | L29: No | M29: No
A30: =IF(ISNUMBER(SEARCH("CT",B30)),"1"&MID(B30,2,FIND("CT",B30)-2)&RIGHT(B30,1),MID(B30,2,FIND("C",B30)-2)&RIGHT(B30,1)) -> 191 | B30: B9CT1 | C30: Inbound | D30: 1 | E30: =IF(ISNUMBER(SEARCH("CT",B30)), "CrossTransferStation[" & (Q$3 + COUNTIF($B$2:B30,"*CT*")-1) & "]", IF(AND(ISNUMBER(SEARCH("C",B30)),NOT(ISNUMBER(SEARCH("CT",B30)))), "ConveyorStation[" & (Q$2 + COUNTIF($B$2:B30,"*C*") - COUNTIF($B$2:B30,"*CT*")-1) & "]", "")) -> CrossTransferStation[7] | F30: Decision[7] | J30: CT_Movifit_Drive[7] CT_Moviswitch_Drive[7] CT_SP_Barcode_Scanner[7] | K30: Yes | L30: No | M30: Yes
A31: =IF(ISNUMBER(SEARCH("CT",B31)),"1"&MID(B31,2,FIND("CT",B31)-2)&RIGHT(B31,1),MID(B31,2,FIND("C",B31)-2)&RIGHT(B31,1)) -> 192 | B31: B9CT2 | C31: Inbound | D31: 1 | E31: =IF(ISNUMBER(SEARCH("CT",B31)), "CrossTransferStation[" & (Q$3 + COUNTIF($B$2:B31,"*CT*")-1) & "]", IF(AND(ISNUMBER(SEARCH("C",B31)),NOT(ISNUMBER(SEARCH("CT",B31)))), "ConveyorStation[" & (Q$2 + COUNTIF($B$2:B31,"*C*") - COUNTIF($B$2:B31,"*CT*")-1) & "]", "")) -> CrossTransferStation[8] | F31: Decision[8] | J31: CT_Movifit_Drive[8] CT_Moviswitch_Drive[8] CT_SP_Barcode_Scanner[8] | K31: Yes | L31: No | M31: Yes
A32: =IF(ISNUMBER(SEARCH("CT",B32)),"1"&MID(B32,2,FIND("CT",B32)-2)&RIGHT(B32,1),MID(B32,2,FIND("C",B32)-2)&RIGHT(B32,1)) -> 101 | B32: B10C1 | C32: Inbound | D32: 1 | E32: =IF(ISNUMBER(SEARCH("CT",B32)), "CrossTransferStation[" & (Q$3 + COUNTIF($B$2:B32,"*CT*")-1) & "]", IF(AND(ISNUMBER(SEARCH("C",B32)),NOT(ISNUMBER(SEARCH("CT",B32)))), "ConveyorStation[" & (Q$2 + COUNTIF($B$2:B32,"*C*") - COUNTIF($B$2:B32,"*CT*")-1) & "]", "")) -> ConveyorStation[23] | J32: CNV_Movimot_Drive[23] | K32: No | L32: No | M32: No
A33: =IF(ISNUMBER(SEARCH("CT",B33)),"1"&MID(B33,2,FIND("CT",B33)-2)&RIGHT(B33,1),MID(B33,2,FIND("C",B33)-2)&RIGHT(B33,1)) -> 102 | B33: B10C2 | C33: Inbound | D33: 1 | E33: =IF(ISNUMBER(SEARCH("CT",B33)), "CrossTransferStation[" & (Q$3 + COUNTIF($B$2:B33,"*CT*")-1) & "]", IF(AND(ISNUMBER(SEARCH("C",B33)),NOT(ISNUMBER(SEARCH("CT",B33)))), "ConveyorStation[" & (Q$2 + COUNTIF($B$2:B33,"*C*") - COUNTIF($B$2:B33,"*CT*")-1) & "]", "")) -> ConveyorStation[24] | J33: CNV_Movimot_Drive[24] | K33: No | L33: No | M33: No
A34: =IF(ISNUMBER(SEARCH("CT",B34)),"1"&MID(B34,2,FIND("CT",B34)-2)&RIGHT(B34,1),MID(B34,2,FIND("C",B34)-2)&RIGHT(B34,1)) -> 103 | B34: B10C3 | C34: Inbound | D34: 1 | E34: =IF(ISNUMBER(SEARCH("CT",B34)), "CrossTransferStation[" & (Q$3 + COUNTIF($B$2:B34,"*CT*")-1) & "]", IF(AND(ISNUMBER(SEARCH("C",B34)),NOT(ISNUMBER(SEARCH("CT",B34)))), "ConveyorStation[" & (Q$2 + COUNTIF($B$2:B34,"*C*") - COUNTIF($B$2:B34,"*CT*")-1) & "]", "")) -> ConveyorStation[25] | J34: CNV_Movimot_Drive[25] | K34: No | L34: No | M34: No
A35: =IF(ISNUMBER(SEARCH("CT",B35)),"1"&MID(B35,2,FIND("CT",B35)-2)&RIGHT(B35,1),MID(B35,2,FIND("C",B35)-2)&RIGHT(B35,1)) -> 104 | B35: B10C4 | C35: Inbound | D35: 1 | E35: =IF(ISNUMBER(SEARCH("CT",B35)), "CrossTransferStation[" & (Q$3 + COUNTIF($B$2:B35,"*CT*")-1) & "]", IF(AND(ISNUMBER(SEARCH("C",B35)),NOT(ISNUMBER(SEARCH("CT",B35)))), "ConveyorStation[" & (Q$2 + COUNTIF($B$2:B35,"*C*") - COUNTIF($B$2:B35,"*CT*")-1) & "]", "")) -> ConveyorStation[26] | J35: CNV_Movimot_Drive[26] | K35: No | L35: No | M35: No
A36: =IF(ISNUMBER(SEARCH("CT",B36)),"1"&MID(B36,2,FIND("CT",B36)-2)&RIGHT(B36,1),MID(B36,2,FIND("C",B36)-2)&RIGHT(B36,1)) -> 105 | B36: B10C5 | C36: Inbound | D36: 1 | E36: =IF(ISNUMBER(SEARCH("CT",B36)), "CrossTransferStation[" & (Q$3 + COUNTIF($B$2:B36,"*CT*")-1) & "]", IF(AND(ISNUMBER(SEARCH("C",B36)),NOT(ISNUMBER(SEARCH("CT",B36)))), "ConveyorStation[" & (Q$2 + COUNTIF($B$2:B36,"*C*") - COUNTIF($B$2:B36,"*CT*")-1) & "]", "")) -> ConveyorStation[27] | J36: CNV_Movimot_Drive[27] | K36: No | L36: No | M36: No
A37: =IF(ISNUMBER(SEARCH("CT",B37)),"1"&MID(B37,2,FIND("CT",B37)-2)&RIGHT(B37,1),MID(B37,2,FIND("C",B37)-2)&RIGHT(B37,1)) -> 111 | B37: B11C1 | C37: Inbound | D37: 1 | E37: =IF(ISNUMBER(SEARCH("CT",B37)), "CrossTransferStation[" & (Q$3 + COUNTIF($B$2:B37,"*CT*")-1) & "]", IF(AND(ISNUMBER(SEARCH("C",B37)),NOT(ISNUMBER(SEARCH("CT",B37)))), "ConveyorStation[" & (Q$2 + COUNTIF($B$2:B37,"*C*") - COUNTIF($B$2:B37,"*CT*")-1) & "]", "")) -> ConveyorStation[28] | J37: CNV_Movimot_Drive[28] | K37: No | L37: No | M37: No
A38: =IF(ISNUMBER(SEARCH("CT",B38)),"1"&MID(B38,2,FIND("CT",B38)-2)&RIGHT(B38,1),MID(B38,2,FIND("C",B38)-2)&RIGHT(B38,1)) -> 112 | B38: B11C2 | C38: Inbound | D38: 1 | E38: =IF(ISNUMBER(SEARCH("CT",B38)), "CrossTransferStation[" & (Q$3 + COUNTIF($B$2:B38,"*CT*")-1) & "]", IF(AND(ISNUMBER(SEARCH("C",B38)),NOT(ISNUMBER(SEARCH("CT",B38)))), "ConveyorStation[" & (Q$2 + COUNTIF($B$2:B38,"*C*") - COUNTIF($B$2:B38,"*CT*")-1) & "]", "")) -> ConveyorStation[29] | J38: CNV_Movimot_Drive[29] | K38: No | L38: No | M38: No
A39: =IF(ISNUMBER(SEARCH("CT",B39)),"1"&MID(B39,2,FIND("CT",B39)-2)&RIGHT(B39,1),MID(B39,2,FIND("C",B39)-2)&RIGHT(B39,1)) -> 113 | B39: B11C3 | C39: Inbound | D39: 1 | E39: =IF(ISNUMBER(SEARCH("CT",B39)), "CrossTransferStation[" & (Q$3 + COUNTIF($B$2:B39,"*CT*")-1) & "]", IF(AND(ISNUMBER(SEARCH("C",B39)),NOT(ISNUMBER(SEARCH("CT",B39)))), "ConveyorStation[" & (Q$2 + COUNTIF($B$2:B39,"*C*") - COUNTIF($B$2:B39,"*CT*")-1) & "]", "")) -> ConveyorStation[30] | J39: CNV_Movimot_Drive[30] | K39: No | L39: No | M39: No
A40: =IF(ISNUMBER(SEARCH("CT",B40)),"1"&MID(B40,2,FIND("CT",B40)-2)&RIGHT(B40,1),MID(B40,2,FIND("C",B40)-2)&RIGHT(B40,1)) -> 114 | B40: B11C4 | C40: Inbound | D40: 1 | E40: =IF(ISNUMBER(SEARCH("CT",B40)), "CrossTransferStation[" & (Q$3 + COUNTIF($B$2:B40,"*CT*")-1) & "]", IF(AND(ISNUMBER(SEARCH("C",B40)),NOT(ISNUMBER(SEARCH("CT",B40)))), "ConveyorStation[" & (Q$2 + COUNTIF($B$2:B40,"*C*") - COUNTIF($B$2:B40,"*CT*")-1) & "]", "")) -> ConveyorStation[31] | J40: CNV_Movimot_Drive[31] | K40: No | L40: No | M40: No
A41: =IF(ISNUMBER(SEARCH("CT",B41)),"1"&MID(B41,2,FIND("CT",B41)-2)&RIGHT(B41,1),MID(B41,2,FIND("C",B41)-2)&RIGHT(B41,1)) -> 115 | B41: B11C5 | C41: Inbound | D41: 1 | E41: =IF(ISNUMBER(SEARCH("CT",B41)), "CrossTransferStation[" & (Q$3 + COUNTIF($B$2:B41,"*CT*")-1) & "]", IF(AND(ISNUMBER(SEARCH("C",B41)),NOT(ISNUMBER(SEARCH("CT",B41)))), "ConveyorStation[" & (Q$2 + COUNTIF($B$2:B41,"*C*") - COUNTIF($B$2:B41,"*CT*")-1) & "]", "")) -> ConveyorStation[32] | J41: CNV_Movimot_Drive[32] | K41: No | L41: No | M41: No
A42: =IF(ISNUMBER(SEARCH("CT",B42)),"1"&MID(B42,2,FIND("CT",B42)-2)&RIGHT(B42,1),MID(B42,2,FIND("C",B42)-2)&RIGHT(B42,1)) -> 311 | B42: B31C1 | C42: Inbound | D42: 1 | E42: =IF(ISNUMBER(SEARCH("CT",B42)), "CrossTransferStation[" & (Q$3 + COUNTIF($B$2:B42,"*CT*")-1) & "]", IF(AND(ISNUMBER(SEARCH("C",B42)),NOT(ISNUMBER(SEARCH("CT",B42)))), "ConveyorStation[" & (Q$2 + COUNTIF($B$2:B42,"*C*") - COUNTIF($B$2:B42,"*CT*")-1) & "]", "")) -> ConveyorStation[33] | F42: StackDestackStation[2] | J42: CNV_Movimot_Drive[33] STR_Lifter_Movimot_Drive[33] STR_Gripper_Movimot_Drive[33] | K42: No | L42: Yes | M42: Yes
A43: =IF(ISNUMBER(SEARCH("CT",B43)),"1"&MID(B43,2,FIND("CT",B43)-2)&RIGHT(B43,1),MID(B43,2,FIND("C",B43)-2)&RIGHT(B43,1)) -> 312 | B43: B31C2 | C43: Inbound | D43: 1 | E43: =IF(ISNUMBER(SEARCH("CT",B43)), "CrossTransferStation[" & (Q$3 + COUNTIF($B$2:B48,"*CT*")-1) & "]", IF(AND(ISNUMBER(SEARCH("C",B43)),NOT(ISNUMBER(SEARCH("CT",B43)))), "ConveyorStation[" & (Q$2 + COUNTIF($B$2:B48,"*C*") - COUNTIF($B$2:B48,"*CT*")-1) & "]", "")) -> ConveyorStation[34] | F43: StackDestackStation[1] | J43: CNV_Movimot_Drive[34] STR_Lifter_Movimot_Drive[34] STR_Gripper_Movimot_Drive[34] | K43: No | L43: Yes | M43: Yes
A44: 3 | B44: B31,B3,B4 | C44: Inbound | D44: 1 | E44: Inbound_Branch_Error_ManagerOP[1]
A45: 5 | B45: B5,B6 | C45: Inbound | D45: 1 | E45: Inbound_Branch_Error_ManagerOP[2]
A46: 7 | B46: B7,B8 | C46: Inbound | D46: 1 | E46: Inbound_Branch_Error_ManagerOP[3]
A47: 9 | B47: B9,B10 | C47: Inbound | D47: 1 | E47: Inbound_Branch_Error_ManagerOP[4]
A48: 10 | B48: B11 | C48: Inbound | D48: 1 | E48: Inbound_Branch_Error_ManagerOP[5]

Sheet EZ2 ASRS
A1: ID | B1: Name | C1: PLC ID | D1: Zone ID | E1: Functionality 1 with Array Index | F1: Functionality 2 with Array Index | G1: Functionality 3 with Array Index | H1: Functionality 4 with Array Index | I1: Functionality 5 with Array Index | J1: Functionality Logging purpose only | K1: Barcode Present (Yes/No) | L1: Source requirement | M1: Destination requirement | N1: Remarks
A2: =IF(ISNUMBER(SEARCH("CT",B2)),"1"&MID(B2,2,FIND("CT",B2)-2)&RIGHT(B2,1),MID(B2,2,FIND("C",B2)-2)&RIGHT(B2,1)) -> 121 | B2: B12C1 | C2: ASRS | D2: 1 | E2: =IF(ISNUMBER(SEARCH("CT",B2)), "CrossTransferStation[" & (Q$3 + COUNTIF($B$2:B2,"*CT*")-1) & "]", IF(AND(ISNUMBER(SEARCH("C",B2)),NOT(ISNUMBER(SEARCH("CT",B2)))), "ConveyorStation[" & (Q$2 + COUNTIF($B$2:B2,"*C*") - COUNTIF($B$2:B2,"*CT*")-1) & "]", "")) -> ConveyorStation[45] | J2: CNV_Movimot_Drive[45] | L2: No | M2: No | P2: CNC Start No | Q2: 45
A3: =IF(ISNUMBER(SEARCH("CT",B3)),"1"&MID(B3,2,FIND("CT",B3)-2)&RIGHT(B3,1),MID(B3,2,FIND("C",B3)-2)&RIGHT(B3,1)) -> 122 | B3: B12C2 | C3: ASRS | D3: 1 | E3: =IF(ISNUMBER(SEARCH("CT",B3)), "CrossTransferStation[" & (Q$3 + COUNTIF($B$2:B3,"*CT*")-1) & "]", IF(AND(ISNUMBER(SEARCH("C",B3)),NOT(ISNUMBER(SEARCH("CT",B3)))), "ConveyorStation[" & (Q$2 + COUNTIF($B$2:B3,"*C*") - COUNTIF($B$2:B3,"*CT*")-1) & "]", "")) -> ConveyorStation[46] | J3: CNV_Movimot_Drive[46] Logiq_IF[46] CrossOver[46] | L3: No | M3: No | P3: CT Start No | Q3: 19
A4: =IF(ISNUMBER(SEARCH("CT",B4)),"1"&MID(B4,2,FIND("CT",B4)-2)&RIGHT(B4,1),MID(B4,2,FIND("C",B4)-2)&RIGHT(B4,1)) -> 1121 | B4: B12CT1 | C4: ASRS | D4: 1 | E4: =IF(ISNUMBER(SEARCH("CT",B4)), "CrossTransferStation[" & (Q$3 + COUNTIF($B$2:B4,"*CT*")-1) & "]", IF(AND(ISNUMBER(SEARCH("C",B4)),NOT(ISNUMBER(SEARCH("CT",B4)))), "ConveyorStation[" & (Q$2 + COUNTIF($B$2:B4,"*C*") - COUNTIF($B$2:B4,"*CT*")-1) & "]", "")) -> CrossTransferStation[19] | F4: Decision[19] | J4: CT_Movifit_Drive[19] CT_Moviswitch_Drive[19] | L4: No | M4: No
A5: =IF(ISNUMBER(SEARCH("CT",B5)),"1"&MID(B5,2,FIND("CT",B5)-2)&RIGHT(B5,1),MID(B5,2,FIND("C",B5)-2)&RIGHT(B5,1)) -> 1122 | B5: B12CT2 | C5: ASRS | D5: 1 | E5: =IF(ISNUMBER(SEARCH("CT",B5)), "CrossTransferStation[" & (Q$3 + COUNTIF($B$2:B5,"*CT*")-1) & "]", IF(AND(ISNUMBER(SEARCH("C",B5)),NOT(ISNUMBER(SEARCH("CT",B5)))), "ConveyorStation[" & (Q$2 + COUNTIF($B$2:B5,"*C*") - COUNTIF($B$2:B5,"*CT*")-1) & "]", "")) -> CrossTransferStation[20] | F5: Decision[20] | J5: CT_Movifit_Drive[20] CT_Moviswitch_Drive[20] CT_SP_Barcode_Scanner[20] | K5: yes | L5: No | M5: Yes
A6: =IF(ISNUMBER(SEARCH("CT",B6)),"1"&MID(B6,2,FIND("CT",B6)-2)&RIGHT(B6,1),MID(B6,2,FIND("C",B6)-2)&RIGHT(B6,1)) -> 131 | B6: B13C1 | C6: ASRS | D6: 1 | E6: =IF(ISNUMBER(SEARCH("CT",B6)), "CrossTransferStation[" & (Q$3 + COUNTIF($B$2:B6,"*CT*")-1) & "]", IF(AND(ISNUMBER(SEARCH("C",B6)),NOT(ISNUMBER(SEARCH("CT",B6)))), "ConveyorStation[" & (Q$2 + COUNTIF($B$2:B6,"*C*") - COUNTIF($B$2:B6,"*CT*")-1) & "]", "")) -> ConveyorStation[47] | J6: CNV_Movimot_Drive[47] CrossOver[47] | L6: No | M6: No | P6: Name | Q6: Min | R6: Max | S6: No of Spare | T6: Next Stn No
A7: =IF(ISNUMBER(SEARCH("CT",B7)),"1"&MID(B7,2,FIND("CT",B7)-2)&RIGHT(B7,1),MID(B7,2,FIND("C",B7)-2)&RIGHT(B7,1)) -> 132 | B7: B13C2 | C7: ASRS | D7: 1 | E7: =IF(ISNUMBER(SEARCH("CT",B7)), "CrossTransferStation[" & (Q$3 + COUNTIF($B$2:B7,"*CT*")-1) & "]", IF(AND(ISNUMBER(SEARCH("C",B7)),NOT(ISNUMBER(SEARCH("CT",B7)))), "ConveyorStation[" & (Q$2 + COUNTIF($B$2:B7,"*C*") - COUNTIF($B$2:B7,"*CT*")-1) & "]", "")) -> ConveyorStation[48] | J7: CNV_Movimot_Drive[48] Logiq_IF[48] CrossOver[48] | L7: No | M7: No | P7: ConveyorStation | Q7: 45 | R7: 82 | S7: 10 | T7: =SUM(R7:S7)+1 -> 93 | U7: =T7-S7-Q7 -> 38
A8: =IF(ISNUMBER(SEARCH("CT",B8)),"1"&MID(B8,2,FIND("CT",B8)-2)&RIGHT(B8,1),MID(B8,2,FIND("C",B8)-2)&RIGHT(B8,1)) -> 133 | B8: B13C3 | C8: ASRS | D8: 1 | E8: =IF(ISNUMBER(SEARCH("CT",B8)), "CrossTransferStation[" & (Q$3 + COUNTIF($B$2:B8,"*CT*")-1) & "]", IF(AND(ISNUMBER(SEARCH("C",B8)),NOT(ISNUMBER(SEARCH("CT",B8)))), "ConveyorStation[" & (Q$2 + COUNTIF($B$2:B8,"*C*") - COUNTIF($B$2:B8,"*CT*")-1) & "]", "")) -> ConveyorStation[49] | J8: CNV_Movimot_Drive[49] | L8: No | M8: No | P8: CrossTransferStation | Q8: 19 | R8: 30 | S8: 10 | T8: =SUM(R8:S8)+1 -> 41 | U8: =T8-S8-Q8 -> 12
A9: =IF(ISNUMBER(SEARCH("CT",B9)),"1"&MID(B9,2,FIND("CT",B9)-2)&RIGHT(B9,1),MID(B9,2,FIND("C",B9)-2)&RIGHT(B9,1)) -> 134 | B9: B13C4 | C9: ASRS | D9: 1 | E9: =IF(ISNUMBER(SEARCH("CT",B9)), "CrossTransferStation[" & (Q$3 + COUNTIF($B$2:B9,"*CT*")-1) & "]", IF(AND(ISNUMBER(SEARCH("C",B9)),NOT(ISNUMBER(SEARCH("CT",B9)))), "ConveyorStation[" & (Q$2 + COUNTIF($B$2:B9,"*C*") - COUNTIF($B$2:B9,"*CT*")-1) & "]", "")) -> ConveyorStation[50] | F9: LoadingStation[16] | J9: CNV_Movimot_Drive[50] | L9: Yes | M9: No | P9: Decision | Q9: 19 | R9: 30 | S9: 10 | T9: =SUM(R9:S9)+1 -> 41 | U9: =T9-S9-Q9 -> 12
A10: =IF(ISNUMBER(SEARCH("CT",B10)),"1"&MID(B10,2,FIND("CT",B10)-2)&RIGHT(B10,1),MID(B10,2,FIND("C",B10)-2)&RIGHT(B10,1)) -> 1131 | B10: B13CT1 | C10: ASRS | D10: 1 | E10: =IF(ISNUMBER(SEARCH("CT",B10)), "CrossTransferStation[" & (Q$3 + COUNTIF($B$2:B10,"*CT*")-1) & "]", IF(AND(ISNUMBER(SEARCH("C",B10)),NOT(ISNUMBER(SEARCH("CT",B10)))), "ConveyorStation[" & (Q$2 + COUNTIF($B$2:B10,"*C*") - COUNTIF($B$2:B10,"*CT*")-1) & "]", "")) -> CrossTransferStation[21] | F10: Decision[21] | J10: CT_Movifit_Drive[21] CT_Moviswitch_Drive[21] CT_SP_Barcode_Scanner[21] | K10: yes | L10: Yes | M10: Yes | P10: LoadingStation | Q10: 16 | R10: 19 | S10: 10 | T10: =SUM(R10:S10)+1 -> 30 | U10: =T10-S10-Q10 -> 4
A11: =IF(ISNUMBER(SEARCH("CT",B11)),"1"&MID(B11,2,FIND("CT",B11)-2)&RIGHT(B11,1),MID(B11,2,FIND("C",B11)-2)&RIGHT(B11,1)) -> 141 | B11: B14C1 | C11: ASRS | D11: 1 | E11: =IF(ISNUMBER(SEARCH("CT",B11)), "CrossTransferStation[" & (Q$3 + COUNTIF($B$2:B11,"*CT*")-1) & "]", IF(AND(ISNUMBER(SEARCH("C",B11)),NOT(ISNUMBER(SEARCH("CT",B11)))), "ConveyorStation[" & (Q$2 + COUNTIF($B$2:B11,"*C*") - COUNTIF($B$2:B11,"*CT*")-1) & "]", "")) -> ConveyorStation[51] | F11: LoadingStation[17] | J11: CNV_Movimot_Drive[51] | L11: Yes | M11: No | P11: UnloadingStation | Q11: 16 | R11: 20 | S11: 10 | T11: =SUM(R11:S11)+1 -> 31 | U11: =T11-S11-Q11 -> 5
A12: =IF(ISNUMBER(SEARCH("CT",B12)),"1"&MID(B12,2,FIND("CT",B12)-2)&RIGHT(B12,1),MID(B12,2,FIND("C",B12)-2)&RIGHT(B12,1)) -> 142 | B12: B14C2 | C12: ASRS | D12: 1 | E12: =IF(ISNUMBER(SEARCH("CT",B12)), "CrossTransferStation[" & (Q$3 + COUNTIF($B$2:B12,"*CT*")-1) & "]", IF(AND(ISNUMBER(SEARCH("C",B12)),NOT(ISNUMBER(SEARCH("CT",B12)))), "ConveyorStation[" & (Q$2 + COUNTIF($B$2:B12,"*C*") - COUNTIF($B$2:B12,"*CT*")-1) & "]", "")) -> ConveyorStation[52] | J12: CNV_Movimot_Drive[52] Logiq_IF[52] CrossOver[52] | L12: No | M12: No | P12: StackDestackStation | T12: ='EZ1 Inbound'!T12 -> 15
A13: =IF(ISNUMBER(SEARCH("CT",B13)),"1"&MID(B13,2,FIND("CT",B13)-2)&RIGHT(B13,1),MID(B13,2,FIND("C",B13)-2)&RIGHT(B13,1)) -> 143 | B13: B14C3 | C13: ASRS | D13: 1 | E13: =IF(ISNUMBER(SEARCH("CT",B13)), "CrossTransferStation[" & (Q$3 + COUNTIF($B$2:B13,"*CT*")-1) & "]", IF(AND(ISNUMBER(SEARCH("C",B13)),NOT(ISNUMBER(SEARCH("CT",B13)))), "ConveyorStation[" & (Q$2 + COUNTIF($B$2:B13,"*C*") - COUNTIF($B$2:B13,"*CT*")-1) & "]", "")) -> ConveyorStation[53] | J13: CNV_Movimot_Drive[53] | L13: No | M13: No | P13: ProfileCheckStation | T13: ='EZ1 Inbound'!T13 -> 12
A14: =IF(ISNUMBER(SEARCH("CT",B14)),"1"&MID(B14,2,FIND("CT",B14)-2)&RIGHT(B14,1),MID(B14,2,FIND("C",B14)-2)&RIGHT(B14,1)) -> 1141 | B14: B14CT1 | C14: ASRS | D14: 1 | E14: =IF(ISNUMBER(SEARCH("CT",B14)), "CrossTransferStation[" & (Q$3 + COUNTIF($B$2:B14,"*CT*")-1) & "]", IF(AND(ISNUMBER(SEARCH("C",B14)),NOT(ISNUMBER(SEARCH("CT",B14)))), "ConveyorStation[" & (Q$2 + COUNTIF($B$2:B14,"*C*") - COUNTIF($B$2:B14,"*CT*")-1) & "]", "")) -> CrossTransferStation[22] | F14: Decision[22] | J14: CT_Movifit_Drive[22] CT_Moviswitch_Drive[22] CT_SP_Barcode_Scanner[22] | K14: yes | L14: Yes | M14: Yes | P14: TurnTableStation
A15: =IF(ISNUMBER(SEARCH("CT",B15)),"1"&MID(B15,2,FIND("CT",B15)-2)&RIGHT(B15,1),MID(B15,2,FIND("C",B15)-2)&RIGHT(B15,1)) -> 151 | B15: B15C1 | C15: ASRS | D15: 1 | E15: =IF(ISNUMBER(SEARCH("CT",B15)), "CrossTransferStation[" & (Q$3 + COUNTIF($B$2:B15,"*CT*")-1) & "]", IF(AND(ISNUMBER(SEARCH("C",B15)),NOT(ISNUMBER(SEARCH("CT",B15)))), "ConveyorStation[" & (Q$2 + COUNTIF($B$2:B15,"*C*") - COUNTIF($B$2:B15,"*CT*")-1) & "]", "")) -> ConveyorStation[54] | J15: CNV_Movimot_Drive[54] Logiq_IF[54] CrossOver[54] | L15: No | M15: No | P15: LabellingStation | T15: ='EZ1 Inbound'!T15 -> 12
A16: =IF(ISNUMBER(SEARCH("CT",B16)),"1"&MID(B16,2,FIND("CT",B16)-2)&RIGHT(B16,1),MID(B16,2,FIND("C",B16)-2)&RIGHT(B16,1)) -> 152 | B16: B15C2 | C16: ASRS | D16: 1 | E16: =IF(ISNUMBER(SEARCH("CT",B16)), "CrossTransferStation[" & (Q$3 + COUNTIF($B$2:B16,"*CT*")-1) & "]", IF(AND(ISNUMBER(SEARCH("C",B16)),NOT(ISNUMBER(SEARCH("CT",B16)))), "ConveyorStation[" & (Q$2 + COUNTIF($B$2:B16,"*C*") - COUNTIF($B$2:B16,"*CT*")-1) & "]", "")) -> ConveyorStation[55] | J16: CNV_Movimot_Drive[55] CrossOver[55] | L16: No | M16: No | P16: WrappingStation | T16: ='EZ1 Inbound'!T16 -> 12
A17: =IF(ISNUMBER(SEARCH("CT",B17)),"1"&MID(B17,2,FIND("CT",B17)-2)&RIGHT(B17,1),MID(B17,2,FIND("C",B17)-2)&RIGHT(B17,1)) -> 153 | B17: B15C3 | C17: ASRS | D17: 1 | E17: =IF(ISNUMBER(SEARCH("CT",B17)), "CrossTransferStation[" & (Q$3 + COUNTIF($B$2:B17,"*CT*")-1) & "]", IF(AND(ISNUMBER(SEARCH("C",B17)),NOT(ISNUMBER(SEARCH("CT",B17)))), "ConveyorStation[" & (Q$2 + COUNTIF($B$2:B17,"*C*") - COUNTIF($B$2:B17,"*CT*")-1) & "]", "")) -> ConveyorStation[56] | J17: CNV_Movimot_Drive[56] | L17: No | M17: No | P17: Zone
A18: =IF(ISNUMBER(SEARCH("CT",B18)),"1"&MID(B18,2,FIND("CT",B18)-2)&RIGHT(B18,1),MID(B18,2,FIND("C",B18)-2)&RIGHT(B18,1)) -> 1151 | B18: B15CT1 | C18: ASRS | D18: 1 | E18: =IF(ISNUMBER(SEARCH("CT",B18)), "CrossTransferStation[" & (Q$3 + COUNTIF($B$2:B18,"*CT*")-1) & "]", IF(AND(ISNUMBER(SEARCH("C",B18)),NOT(ISNUMBER(SEARCH("CT",B18)))), "ConveyorStation[" & (Q$2 + COUNTIF($B$2:B18,"*C*") - COUNTIF($B$2:B18,"*CT*")-1) & "]", "")) -> CrossTransferStation[23] | F18: Decision[23] | J18: CT_Movifit_Drive[23] CT_Moviswitch_Drive[23] CT_SP_Barcode_Scanner[23] | K18: yes | L18: No | M18: Yes
A19: =IF(ISNUMBER(SEARCH("CT",B19)),"1"&MID(B19,2,FIND("CT",B19)-2)&RIGHT(B19,1),MID(B19,2,FIND("C",B19)-2)&RIGHT(B19,1)) -> 161 | B19: B16C1 | C19: ASRS | D19: 1 | E19: =IF(ISNUMBER(SEARCH("CT",B19)), "CrossTransferStation[" & (Q$3 + COUNTIF($B$2:B19,"*CT*")-1) & "]", IF(AND(ISNUMBER(SEARCH("C",B19)),NOT(ISNUMBER(SEARCH("CT",B19)))), "ConveyorStation[" & (Q$2 + COUNTIF($B$2:B19,"*C*") - COUNTIF($B$2:B19,"*CT*")-1) & "]", "")) -> ConveyorStation[57] | F19: UnloadingStation[16] | J19: CNV_Movimot_Drive[57] | L19: No | M19: Yes
A20: =IF(ISNUMBER(SEARCH("CT",B20)),"1"&MID(B20,2,FIND("CT",B20)-2)&RIGHT(B20,1),MID(B20,2,FIND("C",B20)-2)&RIGHT(B20,1)) -> 162 | B20: B16C2 | C20: ASRS | D20: 1 | E20: =IF(ISNUMBER(SEARCH("CT",B20)), "CrossTransferStation[" & (Q$3 + COUNTIF($B$2:B20,"*CT*")-1) & "]", IF(AND(ISNUMBER(SEARCH("C",B20)),NOT(ISNUMBER(SEARCH("CT",B20)))), "ConveyorStation[" & (Q$2 + COUNTIF($B$2:B20,"*C*") - COUNTIF($B$2:B20,"*CT*")-1) & "]", "")) -> ConveyorStation[58] | J20: CNV_Movimot_Drive[58] Logiq_IF[58] CrossOver[58] | L20: No | M20: No
A21: =IF(ISNUMBER(SEARCH("CT",B21)),"1"&MID(B21,2,FIND("CT",B21)-2)&RIGHT(B21,1),MID(B21,2,FIND("C",B21)-2)&RIGHT(B21,1)) -> 163 | B21: B16C3 | C21: ASRS | D21: 1 | E21: =IF(ISNUMBER(SEARCH("CT",B21)), "CrossTransferStation[" & (Q$3 + COUNTIF($B$2:B21,"*CT*")-1) & "]", IF(AND(ISNUMBER(SEARCH("C",B21)),NOT(ISNUMBER(SEARCH("CT",B21)))), "ConveyorStation[" & (Q$2 + COUNTIF($B$2:B21,"*C*") - COUNTIF($B$2:B21,"*CT*")-1) & "]", "")) -> ConveyorStation[59] | J21: CNV_Movimot_Drive[59] | L21: No | M21: No
A22: =IF(ISNUMBER(SEARCH("CT",B22)),"1"&MID(B22,2,FIND("CT",B22)-2)&RIGHT(B22,1),MID(B22,2,FIND("C",B22)-2)&RIGHT(B22,1)) -> 1161 | B22: B16CT1 | C22: ASRS | D22: 1 | E22: =IF(ISNUMBER(SEARCH("CT",B22)), "CrossTransferStation[" & (Q$3 + COUNTIF($B$2:B22,"*CT*")-1) & "]", IF(AND(ISNUMBER(SEARCH("C",B22)),NOT(ISNUMBER(SEARCH("CT",B22)))), "ConveyorStation[" & (Q$2 + COUNTIF($B$2:B22,"*C*") - COUNTIF($B$2:B22,"*CT*")-1) & "]", "")) -> CrossTransferStation[24] | F22: Decision[24] | J22: CT_Movifit_Drive[24] CT_Moviswitch_Drive[24] CT_SP_Barcode_Scanner[24] | K22: yes | L22: Yes | M22: Yes
A23: =IF(ISNUMBER(SEARCH("CT",B23)),"1"&MID(B23,2,FIND("CT",B23)-2)&RIGHT(B23,1),MID(B23,2,FIND("C",B23)-2)&RIGHT(B23,1)) -> 171 | B23: B17C1 | C23: ASRS | D23: 1 | E23: =IF(ISNUMBER(SEARCH("CT",B23)), "CrossTransferStation[" & (Q$3 + COUNTIF($B$2:B23,"*CT*")-1) & "]", IF(AND(ISNUMBER(SEARCH("C",B23)),NOT(ISNUMBER(SEARCH("CT",B23)))), "ConveyorStation[" & (Q$2 + COUNTIF($B$2:B23,"*C*") - COUNTIF($B$2:B23,"*CT*")-1) & "]", "")) -> ConveyorStation[60] | F23: UnloadingStation[17] | J23: CNV_Movimot_Drive[60] CrossOver[60] | L23: No | M23: Yes
A24: =IF(ISNUMBER(SEARCH("CT",B24)),"1"&MID(B24,2,FIND("CT",B24)-2)&RIGHT(B24,1),MID(B24,2,FIND("C",B24)-2)&RIGHT(B24,1)) -> 172 | B24: B17C2 | C24: ASRS | D24: 1 | E24: =IF(ISNUMBER(SEARCH("CT",B24)), "CrossTransferStation[" & (Q$3 + COUNTIF($B$2:B24,"*CT*")-1) & "]", IF(AND(ISNUMBER(SEARCH("C",B24)),NOT(ISNUMBER(SEARCH("CT",B24)))), "ConveyorStation[" & (Q$2 + COUNTIF($B$2:B24,"*C*") - COUNTIF($B$2:B24,"*CT*")-1) & "]", "")) -> ConveyorStation[61] | J24: CNV_Movimot_Drive[61] Logiq_IF[61] CrossOver[61] | L24: No | M24: No
A25: =IF(ISNUMBER(SEARCH("CT",B25)),"1"&MID(B25,2,FIND("CT",B25)-2)&RIGHT(B25,1),MID(B25,2,FIND("C",B25)-2)&RIGHT(B25,1)) -> 173 | B25: B17C3 | C25: ASRS | D25: 1 | E25: =IF(ISNUMBER(SEARCH("CT",B25)), "CrossTransferStation[" & (Q$3 + COUNTIF($B$2:B25,"*CT*")-1) & "]", IF(AND(ISNUMBER(SEARCH("C",B25)),NOT(ISNUMBER(SEARCH("CT",B25)))), "ConveyorStation[" & (Q$2 + COUNTIF($B$2:B25,"*C*") - COUNTIF($B$2:B25,"*CT*")-1) & "]", "")) -> ConveyorStation[62] | J25: CNV_Movimot_Drive[62] | L25: No | M25: No
A26: =IF(ISNUMBER(SEARCH("CT",B26)),"1"&MID(B26,2,FIND("CT",B26)-2)&RIGHT(B26,1),MID(B26,2,FIND("C",B26)-2)&RIGHT(B26,1)) -> 1171 | B26: B17CT1 | C26: ASRS | D26: 1 | E26: =IF(ISNUMBER(SEARCH("CT",B26)), "CrossTransferStation[" & (Q$3 + COUNTIF($B$2:B26,"*CT*")-1) & "]", IF(AND(ISNUMBER(SEARCH("C",B26)),NOT(ISNUMBER(SEARCH("CT",B26)))), "ConveyorStation[" & (Q$2 + COUNTIF($B$2:B26,"*C*") - COUNTIF($B$2:B26,"*CT*")-1) & "]", "")) -> CrossTransferStation[25] | F26: Decision[25] | J26: CT_Movifit_Drive[25] CT_Moviswitch_Drive[25] CT_SP_Barcode_Scanner[25] | K26: yes | L26: Yes | M26: Yes
A27: =IF(ISNUMBER(SEARCH("CT",B27)),"1"&MID(B27,2,FIND("CT",B27)-2)&RIGHT(B27,1),MID(B27,2,FIND("C",B27)-2)&RIGHT(B27,1)) -> 181 | B27: B18C1 | C27: ASRS | D27: 1 | E27: =IF(ISNUMBER(SEARCH("CT",B27)), "CrossTransferStation[" & (Q$3 + COUNTIF($B$2:B27,"*CT*")-1) & "]", IF(AND(ISNUMBER(SEARCH("C",B27)),NOT(ISNUMBER(SEARCH("CT",B27)))), "ConveyorStation[" & (Q$2 + COUNTIF($B$2:B27,"*C*") - COUNTIF($B$2:B27,"*CT*")-1) & "]", "")) -> ConveyorStation[63] | F27: UnloadingStation[18] | J27: CNV_Movimot_Drive[63] CrossOver[63] | L27: No | M27: Yes
A28: =IF(ISNUMBER(SEARCH("CT",B28)),"1"&MID(B28,2,FIND("CT",B28)-2)&RIGHT(B28,1),MID(B28,2,FIND("C",B28)-2)&RIGHT(B28,1)) -> 182 | B28: B18C2 | C28: ASRS | D28: 1 | E28: =IF(ISNUMBER(SEARCH("CT",B28)), "CrossTransferStation[" & (Q$3 + COUNTIF($B$2:B28,"*CT*")-1) & "]", IF(AND(ISNUMBER(SEARCH("C",B28)),NOT(ISNUMBER(SEARCH("CT",B28)))), "ConveyorStation[" & (Q$2 + COUNTIF($B$2:B28,"*C*") - COUNTIF($B$2:B28,"*CT*")-1) & "]", "")) -> ConveyorStation[64] | J28: CNV_Movimot_Drive[64] Logiq_IF[64] CrossOver[64] | L28: No | M28: No
A29: =IF(ISNUMBER(SEARCH("CT",B29)),"1"&MID(B29,2,FIND("CT",B29)-2)&RIGHT(B29,1),MID(B29,2,FIND("C",B29)-2)&RIGHT(B29,1)) -> 183 | B29: B18C3 | C29: ASRS | D29: 1 | E29: =IF(ISNUMBER(SEARCH("CT",B29)), "CrossTransferStation[" & (Q$3 + COUNTIF($B$2:B29,"*CT*")-1) & "]", IF(AND(ISNUMBER(SEARCH("C",B29)),NOT(ISNUMBER(SEARCH("CT",B29)))), "ConveyorStation[" & (Q$2 + COUNTIF($B$2:B29,"*C*") - COUNTIF($B$2:B29,"*CT*")-1) & "]", "")) -> ConveyorStation[65] | J29: CNV_Movimot_Drive[65] | L29: No | M29: No
A30: =IF(ISNUMBER(SEARCH("CT",B30)),"1"&MID(B30,2,FIND("CT",B30)-2)&RIGHT(B30,1),MID(B30,2,FIND("C",B30)-2)&RIGHT(B30,1)) -> 184 | B30: B18C4 | C30: ASRS | D30: 1 | E30: =IF(ISNUMBER(SEARCH("CT",B30)), "CrossTransferStation[" & (Q$3 + COUNTIF($B$2:B30,"*CT*")-1) & "]", IF(AND(ISNUMBER(SEARCH("C",B30)),NOT(ISNUMBER(SEARCH("CT",B30)))), "ConveyorStation[" & (Q$2 + COUNTIF($B$2:B30,"*C*") - COUNTIF($B$2:B30,"*CT*")-1) & "]", "")) -> ConveyorStation[66] | J30: CNV_Movimot_Drive[66] High_Speed_Door[66] | L30: No | M30: No
A31: =IF(ISNUMBER(SEARCH("CT",B31)),"1"&MID(B31,2,FIND("CT",B31)-2)&RIGHT(B31,1),MID(B31,2,FIND("C",B31)-2)&RIGHT(B31,1)) -> 1181 | B31: B18CT1 | C31: ASRS | D31: 1 | E31: =IF(ISNUMBER(SEARCH("CT",B31)), "CrossTransferStation[" & (Q$3 + COUNTIF($B$2:B31,"*CT*")-1) & "]", IF(AND(ISNUMBER(SEARCH("C",B31)),NOT(ISNUMBER(SEARCH("CT",B31)))), "ConveyorStation[" & (Q$2 + COUNTIF($B$2:B31,"*C*") - COUNTIF($B$2:B31,"*CT*")-1) & "]", "")) -> CrossTransferStation[26] | F31: Decision[26] | J31: CT_Movifit_Drive[26] CT_Moviswitch_Drive[26] CT_SP_Barcode_Scanner[26] | K31: yes | L31: Yes | M31: Yes
A32: =IF(ISNUMBER(SEARCH("CT",B32)),"1"&MID(B32,2,FIND("CT",B32)-2)&RIGHT(B32,1),MID(B32,2,FIND("C",B32)-2)&RIGHT(B32,1)) -> 191 | B32: B19C1 | C32: ASRS | D32: 1 | E32: =IF(ISNUMBER(SEARCH("CT",B32)), "CrossTransferStation[" & (Q$3 + COUNTIF($B$2:B32,"*CT*")-1) & "]", IF(AND(ISNUMBER(SEARCH("C",B32)),NOT(ISNUMBER(SEARCH("CT",B32)))), "ConveyorStation[" & (Q$2 + COUNTIF($B$2:B32,"*C*") - COUNTIF($B$2:B32,"*CT*")-1) & "]", "")) -> ConveyorStation[67] | J32: CNV_Movimot_Drive[67] CrossOver[67] | L32: No | M32: No
A33: =IF(ISNUMBER(SEARCH("CT",B33)),"1"&MID(B33,2,FIND("CT",B33)-2)&RIGHT(B33,1),MID(B33,2,FIND("C",B33)-2)&RIGHT(B33,1)) -> 192 | B33: B19C2 | C33: ASRS | D33: 1 | E33: =IF(ISNUMBER(SEARCH("CT",B33)), "CrossTransferStation[" & (Q$3 + COUNTIF($B$2:B33,"*CT*")-1) & "]", IF(AND(ISNUMBER(SEARCH("C",B33)),NOT(ISNUMBER(SEARCH("CT",B33)))), "ConveyorStation[" & (Q$2 + COUNTIF($B$2:B33,"*C*") - COUNTIF($B$2:B33,"*CT*")-1) & "]", "")) -> ConveyorStation[68] | J33: CNV_Movimot_Drive[68] | L33: No | M33: No
A34: =IF(ISNUMBER(SEARCH("CT",B34)),"1"&MID(B34,2,FIND("CT",B34)-2)&RIGHT(B34,1),MID(B34,2,FIND("C",B34)-2)&RIGHT(B34,1)) -> 193 | B34: B19C3 | C34: ASRS | D34: 1 | E34: =IF(ISNUMBER(SEARCH("CT",B34)), "CrossTransferStation[" & (Q$3 + COUNTIF($B$2:B34,"*CT*")-1) & "]", IF(AND(ISNUMBER(SEARCH("C",B34)),NOT(ISNUMBER(SEARCH("CT",B34)))), "ConveyorStation[" & (Q$2 + COUNTIF($B$2:B34,"*C*") - COUNTIF($B$2:B34,"*CT*")-1) & "]", "")) -> ConveyorStation[69] | J34: CNV_Movimot_Drive[69] | L34: No | M34: No
A35: =IF(ISNUMBER(SEARCH("CT",B35)),"1"&MID(B35,2,FIND("CT",B35)-2)&RIGHT(B35,1),MID(B35,2,FIND("C",B35)-2)&RIGHT(B35,1)) -> 194 | B35: B19C4 | C35: ASRS | D35: 1 | E35: =IF(ISNUMBER(SEARCH("CT",B35)), "CrossTransferStation[" & (Q$3 + COUNTIF($B$2:B35,"*CT*")-1) & "]", IF(AND(ISNUMBER(SEARCH("C",B35)),NOT(ISNUMBER(SEARCH("CT",B35)))), "ConveyorStation[" & (Q$2 + COUNTIF($B$2:B35,"*C*") - COUNTIF($B$2:B35,"*CT*")-1) & "]", "")) -> ConveyorStation[70] | F35: LoadingStation[18] | J35: CNV_Movimot_Drive[70] High_Speed_Door[70] CrossOver[70] | L35: Yes | M35: No
A36: =IF(ISNUMBER(SEARCH("CT",B36)),"1"&MID(B36,2,FIND("CT",B36)-2)&RIGHT(B36,1),MID(B36,2,FIND("C",B36)-2)&RIGHT(B36,1)) -> 195 | B36: B19C5 | C36: ASRS | D36: 1 | E36: =IF(ISNUMBER(SEARCH("CT",B36)), "CrossTransferStation[" & (Q$3 + COUNTIF($B$2:B36,"*CT*")-1) & "]", IF(AND(ISNUMBER(SEARCH("C",B36)),NOT(ISNUMBER(SEARCH("CT",B36)))), "ConveyorStation[" & (Q$2 + COUNTIF($B$2:B36,"*C*") - COUNTIF($B$2:B36,"*CT*")-1) & "]", "")) -> ConveyorStation[71] | J36: CNV_Movimot_Drive[71] Logiq_IF[71] CrossOver[71] | L36: No | M36: No
A37: =IF(ISNUMBER(SEARCH("CT",B37)),"1"&MID(B37,2,FIND("CT",B37)-2)&RIGHT(B37,1),MID(B37,2,FIND("C",B37)-2)&RIGHT(B37,1)) -> 196 | B37: B19C6 | C37: ASRS | D37: 1 | E37: =IF(ISNUMBER(SEARCH("CT",B37)), "CrossTransferStation[" & (Q$3 + COUNTIF($B$2:B37,"*CT*")-1) & "]", IF(AND(ISNUMBER(SEARCH("C",B37)),NOT(ISNUMBER(SEARCH("CT",B37)))), "ConveyorStation[" & (Q$2 + COUNTIF($B$2:B37,"*C*") - COUNTIF($B$2:B37,"*CT*")-1) & "]", "")) -> ConveyorStation[72] | J37: CNV_Movimot_Drive[72] | L37: No | M37: No
A38: =IF(ISNUMBER(SEARCH("CT",B38)),"1"&MID(B38,2,FIND("CT",B38)-2)&RIGHT(B38,1),MID(B38,2,FIND("C",B38)-2)&RIGHT(B38,1)) -> 1191 | B38: B19CT1 | C38: ASRS | D38: 1 | E38: =IF(ISNUMBER(SEARCH("CT",B38)), "CrossTransferStation[" & (Q$3 + COUNTIF($B$2:B38,"*CT*")-1) & "]", IF(AND(ISNUMBER(SEARCH("C",B38)),NOT(ISNUMBER(SEARCH("CT",B38)))), "ConveyorStation[" & (Q$2 + COUNTIF($B$2:B38,"*C*") - COUNTIF($B$2:B38,"*CT*")-1) & "]", "")) -> CrossTransferStation[27] | F38: Decision[27] | J38: CT_Movifit_Drive[27] CT_Moviswitch_Drive[27] CT_SP_Barcode_Scanner[27] | K38: yes | L38: Yes | M38: Yes
A39: =IF(ISNUMBER(SEARCH("CT",B39)),"1"&MID(B39,2,FIND("CT",B39)-2)&RIGHT(B39,1),MID(B39,2,FIND("C",B39)-2)&RIGHT(B39,1)) -> 201 | B39: B20C1 | C39: ASRS | D39: 1 | E39: =IF(ISNUMBER(SEARCH("CT",B39)), "CrossTransferStation[" & (Q$3 + COUNTIF($B$2:B39,"*CT*")-1) & "]", IF(AND(ISNUMBER(SEARCH("C",B39)),NOT(ISNUMBER(SEARCH("CT",B39)))), "ConveyorStation[" & (Q$2 + COUNTIF($B$2:B39,"*C*") - COUNTIF($B$2:B39,"*CT*")-1) & "]", "")) -> ConveyorStation[73] | J39: CNV_Movimot_Drive[73] | L39: No | M39: No
A40: =IF(ISNUMBER(SEARCH("CT",B40)),"1"&MID(B40,2,FIND("CT",B40)-2)&RIGHT(B40,1),MID(B40,2,FIND("C",B40)-2)&RIGHT(B40,1)) -> 202 | B40: B20C2 | C40: ASRS | D40: 1 | E40: =IF(ISNUMBER(SEARCH("CT",B40)), "CrossTransferStation[" & (Q$3 + COUNTIF($B$2:B40,"*CT*")-1) & "]", IF(AND(ISNUMBER(SEARCH("C",B40)),NOT(ISNUMBER(SEARCH("CT",B40)))), "ConveyorStation[" & (Q$2 + COUNTIF($B$2:B40,"*C*") - COUNTIF($B$2:B40,"*CT*")-1) & "]", "")) -> ConveyorStation[74] | J40: CNV_Movimot_Drive[74] | L40: No | M40: No
A41: =IF(ISNUMBER(SEARCH("CT",B41)),"1"&MID(B41,2,FIND("CT",B41)-2)&RIGHT(B41,1),MID(B41,2,FIND("C",B41)-2)&RIGHT(B41,1)) -> 203 | B41: B20C3 | C41: ASRS | D41: 1 | E41: =IF(ISNUMBER(SEARCH("CT",B41)), "CrossTransferStation[" & (Q$3 + COUNTIF($B$2:B41,"*CT*")-1) & "]", IF(AND(ISNUMBER(SEARCH("C",B41)),NOT(ISNUMBER(SEARCH("CT",B41)))), "ConveyorStation[" & (Q$2 + COUNTIF($B$2:B41,"*C*") - COUNTIF($B$2:B41,"*CT*")-1) & "]", "")) -> ConveyorStation[75] | F41: LoadingStation[19] | J41: CNV_Movimot_Drive[75] High_Speed_Door[75] CrossOver[75] | L41: Yes | M41: No
A42: =IF(ISNUMBER(SEARCH("CT",B42)),"1"&MID(B42,2,FIND("CT",B42)-2)&RIGHT(B42,1),MID(B42,2,FIND("C",B42)-2)&RIGHT(B42,1)) -> 204 | B42: B20C4 | C42: ASRS | D42: 1 | E42: =IF(ISNUMBER(SEARCH("CT",B42)), "CrossTransferStation[" & (Q$3 + COUNTIF($B$2:B42,"*CT*")-1) & "]", IF(AND(ISNUMBER(SEARCH("C",B42)),NOT(ISNUMBER(SEARCH("CT",B42)))), "ConveyorStation[" & (Q$2 + COUNTIF($B$2:B42,"*C*") - COUNTIF($B$2:B42,"*CT*")-1) & "]", "")) -> ConveyorStation[76] | J42: CNV_Movimot_Drive[76] Logiq_IF[76] CrossOver[76] | L42: No | M42: No
A43: =IF(ISNUMBER(SEARCH("CT",B43)),"1"&MID(B43,2,FIND("CT",B43)-2)&RIGHT(B43,1),MID(B43,2,FIND("C",B43)-2)&RIGHT(B43,1)) -> 1201 | B43: B20CT1 | C43: ASRS | D43: 1 | E43: =IF(ISNUMBER(SEARCH("CT",B43)), "CrossTransferStation[" & (Q$3 + COUNTIF($B$2:B43,"*CT*")-1) & "]", IF(AND(ISNUMBER(SEARCH("C",B43)),NOT(ISNUMBER(SEARCH("CT",B43)))), "ConveyorStation[" & (Q$2 + COUNTIF($B$2:B43,"*C*") - COUNTIF($B$2:B43,"*CT*")-1) & "]", "")) -> CrossTransferStation[28] | F43: Decision[28] | J43: CT_Movifit_Drive[28] CT_Moviswitch_Drive[28] CT_SP_Barcode_Scanner[28] | K43: yes | L43: Yes | M43: Yes
A44: =IF(ISNUMBER(SEARCH("CT",B44)),"1"&MID(B44,2,FIND("CT",B44)-2)&RIGHT(B44,1),MID(B44,2,FIND("C",B44)-2)&RIGHT(B44,1)) -> 211 | B44: B21C1 | C44: ASRS | D44: 1 | E44: =IF(ISNUMBER(SEARCH("CT",B44)), "CrossTransferStation[" & (Q$3 + COUNTIF($B$2:B44,"*CT*")-1) & "]", IF(AND(ISNUMBER(SEARCH("C",B44)),NOT(ISNUMBER(SEARCH("CT",B44)))), "ConveyorStation[" & (Q$2 + COUNTIF($B$2:B44,"*C*") - COUNTIF($B$2:B44,"*CT*")-1) & "]", "")) -> ConveyorStation[77] | F44: UnloadingStation[19] | J44: CNV_Movimot_Drive[77] High_Speed_Door[77] CrossOver[77] | L44: No | M44: Yes
A45: =IF(ISNUMBER(SEARCH("CT",B45)),"1"&MID(B45,2,FIND("CT",B45)-2)&RIGHT(B45,1),MID(B45,2,FIND("C",B45)-2)&RIGHT(B45,1)) -> 212 | B45: B21C2 | C45: ASRS | D45: 1 | E45: =IF(ISNUMBER(SEARCH("CT",B45)), "CrossTransferStation[" & (Q$3 + COUNTIF($B$2:B45,"*CT*")-1) & "]", IF(AND(ISNUMBER(SEARCH("C",B45)),NOT(ISNUMBER(SEARCH("CT",B45)))), "ConveyorStation[" & (Q$2 + COUNTIF($B$2:B45,"*C*") - COUNTIF($B$2:B45,"*CT*")-1) & "]", "")) -> ConveyorStation[78] | J45: CNV_Movimot_Drive[78] Logiq_IF[78] CrossOver[78] | L45: No | M45: No
A46: =IF(ISNUMBER(SEARCH("CT",B46)),"1"&MID(B46,2,FIND("CT",B46)-2)&RIGHT(B46,1),MID(B46,2,FIND("C",B46)-2)&RIGHT(B46,1)) -> 213 | B46: B21C3 | C46: ASRS | D46: 1 | E46: =IF(ISNUMBER(SEARCH("CT",B46)), "CrossTransferStation[" & (Q$3 + COUNTIF($B$2:B46,"*CT*")-1) & "]", IF(AND(ISNUMBER(SEARCH("C",B46)),NOT(ISNUMBER(SEARCH("CT",B46)))), "ConveyorStation[" & (Q$2 + COUNTIF($B$2:B46,"*C*") - COUNTIF($B$2:B46,"*CT*")-1) & "]", "")) -> ConveyorStation[79] | J46: CNV_Movimot_Drive[79] | L46: No | M46: No
A47: =IF(ISNUMBER(SEARCH("CT",B47)),"1"&MID(B47,2,FIND("CT",B47)-2)&RIGHT(B47,1),MID(B47,2,FIND("C",B47)-2)&RIGHT(B47,1)) -> 1211 | B47: B21CT1 | C47: ASRS | D47: 1 | E47: =IF(ISNUMBER(SEARCH("CT",B47)), "CrossTransferStation[" & (Q$3 + COUNTIF($B$2:B47,"*CT*")-1) & "]", IF(AND(ISNUMBER(SEARCH("C",B47)),NOT(ISNUMBER(SEARCH("CT",B47)))), "ConveyorStation[" & (Q$2 + COUNTIF($B$2:B47,"*C*") - COUNTIF($B$2:B47,"*CT*")-1) & "]", "")) -> CrossTransferStation[29] | F47: Decision[29] | J47: CT_Movifit_Drive[29] CT_Moviswitch_Drive[29] CT_SP_Barcode_Scanner[29] | K47: yes | L47: Yes | M47: Yes
A48: =IF(ISNUMBER(SEARCH("CT",B48)),"1"&MID(B48,2,FIND("CT",B48)-2)&RIGHT(B48,1),MID(B48,2,FIND("C",B48)-2)&RIGHT(B48,1)) -> 221 | B48: B22C1 | C48: ASRS | D48: 1 | E48: =IF(ISNUMBER(SEARCH("CT",B48)), "CrossTransferStation[" & (Q$3 + COUNTIF($B$2:B48,"*CT*")-1) & "]", IF(AND(ISNUMBER(SEARCH("C",B48)),NOT(ISNUMBER(SEARCH("CT",B48)))), "ConveyorStation[" & (Q$2 + COUNTIF($B$2:B48,"*C*") - COUNTIF($B$2:B48,"*CT*")-1) & "]", "")) -> ConveyorStation[80] | F48: UnloadingStation[20] | J48: CNV_Movimot_Drive[80] High_Speed_Door[80] CrossOver[80] | L48: No | M48: Yes
A49: =IF(ISNUMBER(SEARCH("CT",B49)),"1"&MID(B49,2,FIND("CT",B49)-2)&RIGHT(B49,1),MID(B49,2,FIND("C",B49)-2)&RIGHT(B49,1)) -> 222 | B49: B22C2 | C49: ASRS | D49: 1 | E49: =IF(ISNUMBER(SEARCH("CT",B49)), "CrossTransferStation[" & (Q$3 + COUNTIF($B$2:B49,"*CT*")-1) & "]", IF(AND(ISNUMBER(SEARCH("C",B49)),NOT(ISNUMBER(SEARCH("CT",B49)))), "ConveyorStation[" & (Q$2 + COUNTIF($B$2:B49,"*C*") - COUNTIF($B$2:B49,"*CT*")-1) & "]", "")) -> ConveyorStation[81] | J49: CNV_Movimot_Drive[81] Logiq_IF[81] | L49: No | M49: No
A50: =IF(ISNUMBER(SEARCH("CT",B50)),"1"&MID(B50,2,FIND("CT",B50)-2)&RIGHT(B50,1),MID(B50,2,FIND("C",B50)-2)&RIGHT(B50,1)) -> 223 | B50: B22C3 | C50: ASRS | D50: 1 | E50: =IF(ISNUMBER(SEARCH("CT",B50)), "CrossTransferStation[" & (Q$3 + COUNTIF($B$2:B50,"*CT*")-1) & "]", IF(AND(ISNUMBER(SEARCH("C",B50)),NOT(ISNUMBER(SEARCH("CT",B50)))), "ConveyorStation[" & (Q$2 + COUNTIF($B$2:B50,"*C*") - COUNTIF($B$2:B50,"*CT*")-1) & "]", "")) -> ConveyorStation[82] | J50: CNV_Movimot_Drive[82] | L50: No | M50: No
A51: =IF(ISNUMBER(SEARCH("CT",B51)),"1"&MID(B51,2,FIND("CT",B51)-2)&RIGHT(B51,1),MID(B51,2,FIND("C",B51)-2)&RIGHT(B51,1)) -> 1221 | B51: B22CT1 | C51: ASRS | D51: 1 | E51: =IF(ISNUMBER(SEARCH("CT",B51)), "CrossTransferStation[" & (Q$3 + COUNTIF($B$2:B56,"*CT*")-1) & "]", IF(AND(ISNUMBER(SEARCH("C",B51)),NOT(ISNUMBER(SEARCH("CT",B51)))), "ConveyorStation[" & (Q$2 + COUNTIF($B$2:B56,"*C*") - COUNTIF($B$2:B56,"*CT*")-1) & "]", "")) -> CrossTransferStation[30] | F51: Decision[30] | J51: CT_Movifit_Drive[30] CT_Moviswitch_Drive[30] CT_SP_Barcode_Scanner[30] | K51: yes | L51: Yes | M51: Yes
B52: B12,B13,B14 | C52: ASRS | D52: 1 | E52: ASRS_Branch_Error_ManagerOP[1]
B53: B15,B16,B17 | C53: ASRS | D53: 1 | E53: ASRS_Branch_Error_ManagerOP[2]
B54: B18 | C54: ASRS | D54: 1 | E54: ASRS_Branch_Error_ManagerOP[3]
B55: B19 | C55: ASRS | D55: 1 | E55: ASRS_Branch_Error_ManagerOP[4]
B56: B20,B21,B22 | C56: ASRS | D56: 1 | E56: ASRS_Branch_Error_ManagerOP[5]

Sheet EZ17 OB to Man Unwrapping
A1: ID | B1: Name | C1: PLC ID | D1: Zone ID | E1: Functionality 1 with Array Index | F1: Functionality 2 with Array Index | G1: Functionality 3 with Array Index | H1: Functionality 4 with Array Index | I1: Functionality 5 with Array Index | J1: Functionality Logging purpose only | K1: Barcode Present (Yes/No) | L1: Source requirement | M1: Destination requirement | N1: Remarks
A2: =IF(ISNUMBER(SEARCH("CT",B2)),"1"&MID(B2,2,FIND("CT",B2)-2)&RIGHT(B2,1),MID(B2,2,FIND("C",B2)-2)&RIGHT(B2,1)) -> 1551 | B2: B155C1 | C2: OB TO MAN UNWRAPPING | D2: 1 | E2: =IF(ISNUMBER(SEARCH("CT",B2)), "CrossTransferStation[" & (Q$3 + COUNTIF($B$2:B2,"*CT*") - 1) & "]", IF( OR(ISNUMBER(SEARCH("TT",B2)), AND(ISNUMBER(SEARCH("C",B2)), NOT(ISNUMBER(SEARCH("CT",B2)))) ), "ConveyorStation[" & (Q$2 + COUNTIFS($B$2:B2,"*C*",$B$2:B2,"<>*CT*") + COUNTIF($B$2:B2,"*TT*") - 1) & "]", "")) -> ConveyorStation[93] | J2: CNV_Movimot_Drive[93] | K2: NO | L2: No | M2: No | P2: CNC Start No | Q2: 93
A3: =IF(ISNUMBER(SEARCH("CT",B3)),"1"&MID(B3,2,FIND("CT",B3)-2)&RIGHT(B3,1),MID(B3,2,FIND("C",B3)-2)&RIGHT(B3,1)) -> 1552 | B3: B155C2 | C3: OB TO MAN UNWRAPPING | D3: 1 | E3: =IF(ISNUMBER(SEARCH("CT",B3)), "CrossTransferStation[" & (Q$3 + COUNTIF($B$2:B3,"*CT*") - 1) & "]", IF( OR(ISNUMBER(SEARCH("TT",B3)), AND(ISNUMBER(SEARCH("C",B3)), NOT(ISNUMBER(SEARCH("CT",B3)))) ), "ConveyorStation[" & (Q$2 + COUNTIFS($B$2:B3,"*C*",$B$2:B3,"<>*CT*") + COUNTIF($B$2:B3,"*TT*") - 1) & "]", "")) -> ConveyorStation[94] | J3: CNV_Movimot_Drive[94] | K3: NO | L3: No | M3: No | P3: CT Start No | Q3: 41
A4: =IF(ISNUMBER(SEARCH("CT",B4)),"1"&MID(B4,2,FIND("CT",B4)-2)&RIGHT(B4,1),MID(B4,2,FIND("C",B4)-2)&RIGHT(B4,1)) -> 1553 | B4: B155C3 | C4: OB TO MAN UNWRAPPING | D4: 1 | E4: =IF(ISNUMBER(SEARCH("CT",B4)), "CrossTransferStation[" & (Q$3 + COUNTIF($B$2:B4,"*CT*") - 1) & "]", IF( OR(ISNUMBER(SEARCH("TT",B4)), AND(ISNUMBER(SEARCH("C",B4)), NOT(ISNUMBER(SEARCH("CT",B4)))) ), "ConveyorStation[" & (Q$2 + COUNTIFS($B$2:B4,"*C*",$B$2:B4,"<>*CT*") + COUNTIF($B$2:B4,"*TT*") - 1) & "]", "")) -> ConveyorStation[95] | J4: CNV_Movimot_Drive[95] | K4: NO | L4: No | M4: No
A5: =IF(ISNUMBER(SEARCH("CT",B5)),"1"&MID(B5,2,FIND("CT",B5)-2)&RIGHT(B5,1),MID(B5,2,FIND("C",B5)-2)&RIGHT(B5,1)) -> 1554 | B5: B155C4 | C5: OB TO MAN UNWRAPPING | D5: 1 | E5: =IF(ISNUMBER(SEARCH("CT",B5)), "CrossTransferStation[" & (Q$3 + COUNTIF($B$2:B5,"*CT*") - 1) & "]", IF( OR(ISNUMBER(SEARCH("TT",B5)), AND(ISNUMBER(SEARCH("C",B5)), NOT(ISNUMBER(SEARCH("CT",B5)))) ), "ConveyorStation[" & (Q$2 + COUNTIFS($B$2:B5,"*C*",$B$2:B5,"<>*CT*") + COUNTIF($B$2:B5,"*TT*") - 1) & "]", "")) -> ConveyorStation[96] | J5: CNV_Movimot_Drive[96] | K5: NO | L5: No | M5: No
A6: =IF(ISNUMBER(SEARCH("CT",B6)),"1"&MID(B6,2,FIND("CT",B6)-2)&RIGHT(B6,1),MID(B6,2,FIND("C",B6)-2)&RIGHT(B6,1)) -> 1555 | B6: B155C5 | C6: OB TO MAN UNWRAPPING | D6: 1 | E6: =IF(ISNUMBER(SEARCH("CT",B6)), "CrossTransferStation[" & (Q$3 + COUNTIF($B$2:B6,"*CT*") - 1) & "]", IF( OR(ISNUMBER(SEARCH("TT",B6)), AND(ISNUMBER(SEARCH("C",B6)), NOT(ISNUMBER(SEARCH("CT",B6)))) ), "ConveyorStation[" & (Q$2 + COUNTIFS($B$2:B6,"*C*",$B$2:B6,"<>*CT*") + COUNTIF($B$2:B6,"*TT*") - 1) & "]", "")) -> ConveyorStation[97] | J6: CNV_Movimot_Drive[97] | K6: NO | L6: No | M6: No | P6: Name | Q6: Min | R6: Max | S6: No of Spare | T6: Next Stn No
A7: =IF(ISNUMBER(SEARCH("CT",B7)),"1"&MID(B7,2,FIND("CT",B7)-2)&RIGHT(B7,1),MID(B7,2,FIND("C",B7)-2)&RIGHT(B7,1)) -> 1561 | B7: B156C1 | C7: OB TO MAN UNWRAPPING | D7: 1 | E7: =IF(ISNUMBER(SEARCH("CT",B7)), "CrossTransferStation[" & (Q$3 + COUNTIF($B$2:B7,"*CT*") - 1) & "]", IF( OR(ISNUMBER(SEARCH("TT",B7)), AND(ISNUMBER(SEARCH("C",B7)), NOT(ISNUMBER(SEARCH("CT",B7)))) ), "ConveyorStation[" & (Q$2 + COUNTIFS($B$2:B7,"*C*",$B$2:B7,"<>*CT*") + COUNTIF($B$2:B7,"*TT*") - 1) & "]", "")) -> ConveyorStation[98] | J7: CNV_Movimot_Drive[98] | K7: NO | L7: No | M7: No | P7: ConveyorStation | Q7: 93 | R7: 122 | S7: 10 | T7: =SUM(R7:S7)+1 -> 133 | U7: =T7-S7-Q7 -> 30
A8: =IF(ISNUMBER(SEARCH("CT",B8)),"1"&MID(B8,2,FIND("CT",B8)-2)&RIGHT(B8,1),MID(B8,2,FIND("C",B8)-2)&RIGHT(B8,1)) -> 1562 | B8: B156C2 | C8: OB TO MAN UNWRAPPING | D8: 1 | E8: =IF(ISNUMBER(SEARCH("CT",B8)), "CrossTransferStation[" & (Q$3 + COUNTIF($B$2:B8,"*CT*") - 1) & "]", IF( OR(ISNUMBER(SEARCH("TT",B8)), AND(ISNUMBER(SEARCH("C",B8)), NOT(ISNUMBER(SEARCH("CT",B8)))) ), "ConveyorStation[" & (Q$2 + COUNTIFS($B$2:B8,"*C*",$B$2:B8,"<>*CT*") + COUNTIF($B$2:B8,"*TT*") - 1) & "]", "")) -> ConveyorStation[99] | J8: CNV_Movimot_Drive[99] | K8: NO | L8: No | M8: No | P8: CrossTransferStation | Q8: 41 | R8: 45 | S8: 10 | T8: =SUM(R8:S8)+1 -> 56 | U8: =T8-S8-Q8 -> 5
A9: =IF(ISNUMBER(SEARCH("CT",B9)),"1"&MID(B9,2,FIND("CT",B9)-2)&RIGHT(B9,1),MID(B9,2,FIND("C",B9)-2)&RIGHT(B9,1)) -> 1563 | B9: B156C3 | C9: OB TO MAN UNWRAPPING | D9: 1 | E9: =IF(ISNUMBER(SEARCH("CT",B9)), "CrossTransferStation[" & (Q$3 + COUNTIF($B$2:B9,"*CT*") - 1) & "]", IF( OR(ISNUMBER(SEARCH("TT",B9)), AND(ISNUMBER(SEARCH("C",B9)), NOT(ISNUMBER(SEARCH("CT",B9)))) ), "ConveyorStation[" & (Q$2 + COUNTIFS($B$2:B9,"*C*",$B$2:B9,"<>*CT*") + COUNTIF($B$2:B9,"*TT*") - 1) & "]", "")) -> ConveyorStation[100] | J9: CNV_Movimot_Drive[100] | K9: NO | L9: No | M9: No | P9: Decision | Q9: 41 | R9: 44 | S9: 10 | T9: =SUM(R9:S9)+1 -> 55 | U9: =T9-S9-Q9 -> 4
A10: =IF(ISNUMBER(SEARCH("CT",B10)),"1"&MID(B10,2,FIND("CT",B10)-2)&RIGHT(B10,1),MID(B10,2,FIND("C",B10)-2)&RIGHT(B10,1)) -> 1564 | B10: B156C4 | C10: OB TO MAN UNWRAPPING | D10: 1 | E10: =IF(ISNUMBER(SEARCH("CT",B10)), "CrossTransferStation[" & (Q$3 + COUNTIF($B$2:B10,"*CT*") - 1) & "]", IF( OR(ISNUMBER(SEARCH("TT",B10)), AND(ISNUMBER(SEARCH("C",B10)), NOT(ISNUMBER(SEARCH("CT",B10)))) ), "ConveyorStation[" & (Q$2 + COUNTIFS($B$2:B10,"*C*",$B$2:B10,"<>*CT*") + COUNTIF($B$2:B10,"*TT*") - 1) & "]", "")) -> ConveyorStation[101] | J10: CNV_Movimot_Drive[101] | K10: NO | L10: No | M10: No | P10: LoadingStation | T10: ='EZ2 ASRS'!T10 -> 30
A11: =IF(ISNUMBER(SEARCH("CT",B11)),"1"&MID(B11,2,FIND("CT",B11)-2)&RIGHT(B11,1),MID(B11,2,FIND("C",B11)-2)&RIGHT(B11,1)) -> 1565 | B11: B156C5 | C11: OB TO MAN UNWRAPPING | D11: 1 | E11: =IF(ISNUMBER(SEARCH("CT",B11)), "CrossTransferStation[" & (Q$3 + COUNTIF($B$2:B11,"*CT*") - 1) & "]", IF( OR(ISNUMBER(SEARCH("TT",B11)), AND(ISNUMBER(SEARCH("C",B11)), NOT(ISNUMBER(SEARCH("CT",B11)))) ), "ConveyorStation[" & (Q$2 + COUNTIFS($B$2:B11,"*C*",$B$2:B11,"<>*CT*") + COUNTIF($B$2:B11,"*TT*") - 1) & "]", "")) -> ConveyorStation[102] | J11: CNV_Movimot_Drive[102] High_Speed_Door[102] | K11: NO | L11: No | M11: No | P11: UnloadingStation | Q11: 31 | R11: 33 | S11: 10 | T11: =SUM(R11:S11)+1 -> 44 | U11: =T11-S11-Q11 -> 3
A12: =IF(ISNUMBER(SEARCH("CT",B12)),"1"&MID(B12,2,FIND("CT",B12)-2)&RIGHT(B12,1),MID(B12,2,FIND("C",B12)-2)&RIGHT(B12,1)) -> 1571 | B12: B157C1 | C12: OB TO MAN UNWRAPPING | D12: 1 | E12: =IF(ISNUMBER(SEARCH("CT",B12)), "CrossTransferStation[" & (Q$3 + COUNTIF($B$2:B12,"*CT*") - 1) & "]", IF( OR(ISNUMBER(SEARCH("TT",B12)), AND(ISNUMBER(SEARCH("C",B12)), NOT(ISNUMBER(SEARCH("CT",B12)))) ), "ConveyorStation[" & (Q$2 + COUNTIFS($B$2:B12,"*C*",$B$2:B12,"<>*CT*") + COUNTIF($B$2:B12,"*TT*") - 1) & "]", "")) -> ConveyorStation[103] | J12: CNV_Movimot_Drive[103] | K12: NO | L12: No | M12: No | P12: StackDestackStation | T12: ='EZ2 ASRS'!T12 -> 15
A13: =IF(ISNUMBER(SEARCH("CT",B13)),"1"&MID(B13,2,FIND("CT",B13)-2)&RIGHT(B13,1),MID(B13,2,FIND("C",B13)-2)&RIGHT(B13,1)) -> 1572 | B13: B157C2 | C13: OB TO MAN UNWRAPPING | D13: 1 | E13: =IF(ISNUMBER(SEARCH("CT",B13)), "CrossTransferStation[" & (Q$3 + COUNTIF($B$2:B13,"*CT*") - 1) & "]", IF( OR(ISNUMBER(SEARCH("TT",B13)), AND(ISNUMBER(SEARCH("C",B13)), NOT(ISNUMBER(SEARCH("CT",B13)))) ), "ConveyorStation[" & (Q$2 + COUNTIFS($B$2:B13,"*C*",$B$2:B13,"<>*CT*") + COUNTIF($B$2:B13,"*TT*") - 1) & "]", "")) -> ConveyorStation[104] | J13: CNV_Movimot_Drive[104] | K13: NO | L13: No | M13: No | P13: ProfileCheckStation | T13: ='EZ2 ASRS'!T13 -> 12
A14: =IF(ISNUMBER(SEARCH("CT",B14)),"1"&MID(B14,2,FIND("CT",B14)-2)&RIGHT(B14,1),MID(B14,2,FIND("C",B14)-2)&RIGHT(B14,1)) -> 1573 | B14: B157C3 | C14: OB TO MAN UNWRAPPING | D14: 1 | E14: =IF(ISNUMBER(SEARCH("CT",B14)), "CrossTransferStation[" & (Q$3 + COUNTIF($B$2:B14,"*CT*") - 1) & "]", IF( OR(ISNUMBER(SEARCH("TT",B14)), AND(ISNUMBER(SEARCH("C",B14)), NOT(ISNUMBER(SEARCH("CT",B14)))) ), "ConveyorStation[" & (Q$2 + COUNTIFS($B$2:B14,"*C*",$B$2:B14,"<>*CT*") + COUNTIF($B$2:B14,"*TT*") - 1) & "]", "")) -> ConveyorStation[105] | J14: CNV_Movimot_Drive[105] | K14: NO | L14: No | M14: No | P14: TurnTableStation | Q14: 1 | R14: 2 | S14: 10 | T14: =SUM(R14:S14)+1 -> 13 | U14: =T14-S14-Q14 -> 2
A15: =IF(ISNUMBER(SEARCH("CT",B15)),"1"&MID(B15,2,FIND("CT",B15)-2)&RIGHT(B15,1),MID(B15,2,FIND("C",B15)-2)&RIGHT(B15,1)) -> 1574 | B15: B157C4 | C15: OB TO MAN UNWRAPPING | D15: 1 | E15: =IF(ISNUMBER(SEARCH("CT",B15)), "CrossTransferStation[" & (Q$3 + COUNTIF($B$2:B15,"*CT*") - 1) & "]", IF( OR(ISNUMBER(SEARCH("TT",B15)), AND(ISNUMBER(SEARCH("C",B15)), NOT(ISNUMBER(SEARCH("CT",B15)))) ), "ConveyorStation[" & (Q$2 + COUNTIFS($B$2:B15,"*C*",$B$2:B15,"<>*CT*") + COUNTIF($B$2:B15,"*TT*") - 1) & "]", "")) -> ConveyorStation[106] | J15: CNV_Movimot_Drive[106] | K15: NO | L15: No | M15: No | P15: LabellingStation | T15: ='EZ2 ASRS'!T15 -> 12
A16: =IF(ISNUMBER(SEARCH("CT",B16)),"1"&MID(B16,2,FIND("CT",B16)-2)&RIGHT(B16,1),MID(B16,2,FIND("C",B16)-2)&RIGHT(B16,1)) -> 1575 | B16: B157C5 | C16: OB TO MAN UNWRAPPING | D16: 1 | E16: =IF(ISNUMBER(SEARCH("CT",B16)), "CrossTransferStation[" & (Q$3 + COUNTIF($B$2:B16,"*CT*") - 1) & "]", IF( OR(ISNUMBER(SEARCH("TT",B16)), AND(ISNUMBER(SEARCH("C",B16)), NOT(ISNUMBER(SEARCH("CT",B16)))) ), "ConveyorStation[" & (Q$2 + COUNTIFS($B$2:B16,"*C*",$B$2:B16,"<>*CT*") + COUNTIF($B$2:B16,"*TT*") - 1) & "]", "")) -> ConveyorStation[107] | J16: CNV_Movimot_Drive[107] | K16: NO | L16: No | M16: No | P16: WrappingStation | T16: ='EZ2 ASRS'!T16 -> 12
A17: =IF(ISNUMBER(SEARCH("CT",B17)),"1"&MID(B17,2,FIND("CT",B17)-2)&RIGHT(B17,1),MID(B17,2,FIND("C",B17)-2)&RIGHT(B17,1)) -> 1576 | B17: B157C6 | C17: OB TO MAN UNWRAPPING | D17: 1 | E17: =IF(ISNUMBER(SEARCH("CT",B17)), "CrossTransferStation[" & (Q$3 + COUNTIF($B$2:B17,"*CT*") - 1) & "]", IF( OR(ISNUMBER(SEARCH("TT",B17)), AND(ISNUMBER(SEARCH("C",B17)), NOT(ISNUMBER(SEARCH("CT",B17)))) ), "ConveyorStation[" & (Q$2 + COUNTIFS($B$2:B17,"*C*",$B$2:B17,"<>*CT*") + COUNTIF($B$2:B17,"*TT*") - 1) & "]", "")) -> ConveyorStation[108] | J17: CNV_Movimot_Drive[108] | K17: NO | L17: No | M17: No | P17: Zone
A18: =IF(ISNUMBER(SEARCH("CT",B18)),"1"&MID(B18,2,FIND("CT",B18)-2)&RIGHT(B18,1),MID(B18,2,FIND("C",B18)-2)&RIGHT(B18,1)) -> 1577 | B18: B157C7 | C18: OB TO MAN UNWRAPPING | D18: 1 | E18: =IF(ISNUMBER(SEARCH("CT",B18)), "CrossTransferStation[" & (Q$3 + COUNTIF($B$2:B18,"*CT*") - 1) & "]", IF( OR(ISNUMBER(SEARCH("TT",B18)), AND(ISNUMBER(SEARCH("C",B18)), NOT(ISNUMBER(SEARCH("CT",B18)))) ), "ConveyorStation[" & (Q$2 + COUNTIFS($B$2:B18,"*C*",$B$2:B18,"<>*CT*") + COUNTIF($B$2:B18,"*TT*") - 1) & "]", "")) -> ConveyorStation[109] | J18: CNV_Movimot_Drive[109] | K18: NO | L18: No | M18: No
A19: =IF(ISNUMBER(SEARCH("CT",B19)),"1"&MID(B19,2,FIND("CT",B19)-2)&RIGHT(B19,1),MID(B19,2,FIND("C",B19)-2)&RIGHT(B19,1)) -> 11571 | B19: B157CT1 | C19: OB TO MAN UNWRAPPING | D19: 1 | E19: =IF(ISNUMBER(SEARCH("CT",B19)), "CrossTransferStation[" & (Q$3 + COUNTIF($B$2:B19,"*CT*") - 1) & "]", IF( OR(ISNUMBER(SEARCH("TT",B19)), AND(ISNUMBER(SEARCH("C",B19)), NOT(ISNUMBER(SEARCH("CT",B19)))) ), "ConveyorStation[" & (Q$2 + COUNTIFS($B$2:B19,"*C*",$B$2:B19,"<>*CT*") + COUNTIF($B$2:B19,"*TT*") - 1) & "]", "")) -> CrossTransferStation[41] | J19: CT_Movifit_Drive[41] CT_Moviswitch_Drive[41] Decision_Station_1_In_1_Out[41] | K19: NO | L19: No | M19: No
A20: =IF(ISNUMBER(SEARCH("CT",B20)),"1"&MID(B20,2,FIND("CT",B20)-2)&RIGHT(B20,1),MID(B20,2,FIND("C",B20)-2)&RIGHT(B20,1)) -> 1581 | B20: B158C1 | C20: OB TO MAN UNWRAPPING | D20: 1 | E20: =IF(ISNUMBER(SEARCH("CT",B20)), "CrossTransferStation[" & (Q$3 + COUNTIF($B$2:B20,"*CT*") - 1) & "]", IF( OR(ISNUMBER(SEARCH("TT",B20)), AND(ISNUMBER(SEARCH("C",B20)), NOT(ISNUMBER(SEARCH("CT",B20)))) ), "ConveyorStation[" & (Q$2 + COUNTIFS($B$2:B20,"*C*",$B$2:B20,"<>*CT*") + COUNTIF($B$2:B20,"*TT*") - 1) & "]", "")) -> ConveyorStation[110] | J20: CNV_Movimot_Drive[110] | K20: NO | L20: No | M20: No
A21: =IF(ISNUMBER(SEARCH("CT",B21)),"1"&MID(B21,2,FIND("CT",B21)-2)&RIGHT(B21,1),MID(B21,2,FIND("C",B21)-2)&RIGHT(B21,1)) -> 1582 | B21: B158C2 | C21: OB TO MAN UNWRAPPING | D21: 1 | E21: =IF(ISNUMBER(SEARCH("CT",B21)), "CrossTransferStation[" & (Q$3 + COUNTIF($B$2:B21,"*CT*") - 1) & "]", IF( OR(ISNUMBER(SEARCH("TT",B21)), AND(ISNUMBER(SEARCH("C",B21)), NOT(ISNUMBER(SEARCH("CT",B21)))) ), "ConveyorStation[" & (Q$2 + COUNTIFS($B$2:B21,"*C*",$B$2:B21,"<>*CT*") + COUNTIF($B$2:B21,"*TT*") - 1) & "]", "")) -> ConveyorStation[111] | F21: UnloadingStation[31] | J21: CNV_Movimot_Drive[111] | K21: NO | L21: No | M21: Yes
A22: 21581 | B22: B158TT1 | C22: OB TO MAN UNWRAPPING | D22: 1 | E22: =IF(ISNUMBER(SEARCH("CT",B22)), "CrossTransferStation[" & (Q$3 + COUNTIF($B$2:B22,"*CT*") - 1) & "]", IF( OR(ISNUMBER(SEARCH("TT",B22)), AND(ISNUMBER(SEARCH("C",B22)), NOT(ISNUMBER(SEARCH("CT",B22)))) ), "ConveyorStation[" & (Q$2 + COUNTIFS($B$2:B22,"*C*",$B$2:B22,"<>*CT*") + COUNTIF($B$2:B22,"*TT*") - 1) & "]", "")) -> ConveyorStation[112] | F22: TurnTableStation[1] Decision[41] | J22: TT_Movimot_Drive[112] CNV_Movimot_Drive[112] CNV_SP_Barcode_Scanner[112] | K22: yes | L22: Yes | M22: Yes
A23: =IF(ISNUMBER(SEARCH("CT",B23)),"1"&MID(B23,2,FIND("CT",B23)-2)&RIGHT(B23,1),MID(B23,2,FIND("C",B23)-2)&RIGHT(B23,1)) -> 1591 | B23: B159C1 | C23: OB TO MAN UNWRAPPING | D23: 1 | E23: =IF(ISNUMBER(SEARCH("CT",B23)), "CrossTransferStation[" & (Q$3 + COUNTIF($B$2:B23,"*CT*") - 1) & "]", IF( OR(ISNUMBER(SEARCH("TT",B23)), AND(ISNUMBER(SEARCH("C",B23)), NOT(ISNUMBER(SEARCH("CT",B23)))) ), "ConveyorStation[" & (Q$2 + COUNTIFS($B$2:B23,"*C*",$B$2:B23,"<>*CT*") + COUNTIF($B$2:B23,"*TT*") - 1) & "]", "")) -> ConveyorStation[113] | J23: CNV_Movimot_Drive[113] Trash_Bin_Station[113] | K23: NO | L23: No | M23: No
A24: =IF(ISNUMBER(SEARCH("CT",B24)),"1"&MID(B24,2,FIND("CT",B24)-2)&RIGHT(B24,1),MID(B24,2,FIND("C",B24)-2)&RIGHT(B24,1)) -> 11591 | B24: B159CT1 | C24: OB TO MAN UNWRAPPING | D24: 1 | E24: =IF(ISNUMBER(SEARCH("CT",B24)), "CrossTransferStation[" & (Q$3 + COUNTIF($B$2:B24,"*CT*") - 1) & "]", IF( OR(ISNUMBER(SEARCH("TT",B24)), AND(ISNUMBER(SEARCH("C",B24)), NOT(ISNUMBER(SEARCH("CT",B24)))) ), "ConveyorStation[" & (Q$2 + COUNTIFS($B$2:B24,"*C*",$B$2:B24,"<>*CT*") + COUNTIF($B$2:B24,"*TT*") - 1) & "]", "")) -> CrossTransferStation[42] | F24: Decision[42] | J24: CT_Movifit_Drive[42] CT_Moviswitch_Drive[42] | K24: NO | L24: Yes | M24: Yes
A25: =IF(ISNUMBER(SEARCH("CT",B25)),"1"&MID(B25,2,FIND("CT",B25)-2)&RIGHT(B25,1),MID(B25,2,FIND("C",B25)-2)&RIGHT(B25,1)) -> 1601 | B25: B160C1 | C25: OB TO MAN UNWRAPPING | D25: 1 | E25: =IF(ISNUMBER(SEARCH("CT",B25)), "CrossTransferStation[" & (Q$3 + COUNTIF($B$2:B25,"*CT*") - 1) & "]", IF( OR(ISNUMBER(SEARCH("TT",B25)), AND(ISNUMBER(SEARCH("C",B25)), NOT(ISNUMBER(SEARCH("CT",B25)))) ), "ConveyorStation[" & (Q$2 + COUNTIFS($B$2:B25,"*C*",$B$2:B25,"<>*CT*") + COUNTIF($B$2:B25,"*TT*") - 1) & "]", "")) -> ConveyorStation[114] | J25: CNV_Movimot_Drive[114] | K25: NO | L25: No | M25: No
A26: =IF(ISNUMBER(SEARCH("CT",B26)),"1"&MID(B26,2,FIND("CT",B26)-2)&RIGHT(B26,1),MID(B26,2,FIND("C",B26)-2)&RIGHT(B26,1)) -> 1602 | B26: B160C2 | C26: OB TO MAN UNWRAPPING | D26: 1 | E26: =IF(ISNUMBER(SEARCH("CT",B26)), "CrossTransferStation[" & (Q$3 + COUNTIF($B$2:B26,"*CT*") - 1) & "]", IF( OR(ISNUMBER(SEARCH("TT",B26)), AND(ISNUMBER(SEARCH("C",B26)), NOT(ISNUMBER(SEARCH("CT",B26)))) ), "ConveyorStation[" & (Q$2 + COUNTIFS($B$2:B26,"*C*",$B$2:B26,"<>*CT*") + COUNTIF($B$2:B26,"*TT*") - 1) & "]", "")) -> ConveyorStation[115] | F26: UnloadingStation[32] | J26: CNV_Movimot_Drive[115] | K26: NO | L26: No | M26: Yes
A27: 21601 | B27: B160TT1 | C27: OB TO MAN UNWRAPPING | D27: 1 | E27: =IF(ISNUMBER(SEARCH("CT",B27)), "CrossTransferStation[" & (Q$3 + COUNTIF($B$2:B27,"*CT*") - 1) & "]", IF( OR(ISNUMBER(SEARCH("TT",B27)), AND(ISNUMBER(SEARCH("C",B27)), NOT(ISNUMBER(SEARCH("CT",B27)))) ), "ConveyorStation[" & (Q$2 + COUNTIFS($B$2:B27,"*C*",$B$2:B27,"<>*CT*") + COUNTIF($B$2:B27,"*TT*") - 1) & "]", "")) -> ConveyorStation[116] | F27: TurnTableStation[2] Decision[43] | J27: TT_Movimot_Drive[116] CNV_Movimot_Drive[116] CNV_SP_Barcode_Scanner[116] | K27: yes | L27: Yes | M27: Yes
A28: =IF(ISNUMBER(SEARCH("CT",B28)),"1"&MID(B28,2,FIND("CT",B28)-2)&RIGHT(B28,1),MID(B28,2,FIND("C",B28)-2)&RIGHT(B28,1)) -> 1611 | B28: B161C1 | C28: OB TO MAN UNWRAPPING | D28: 1 | E28: =IF(ISNUMBER(SEARCH("CT",B28)), "CrossTransferStation[" & (Q$3 + COUNTIF($B$2:B28,"*CT*") - 1) & "]", IF( OR(ISNUMBER(SEARCH("TT",B28)), AND(ISNUMBER(SEARCH("C",B28)), NOT(ISNUMBER(SEARCH("CT",B28)))) ), "ConveyorStation[" & (Q$2 + COUNTIFS($B$2:B28,"*C*",$B$2:B28,"<>*CT*") + COUNTIF($B$2:B28,"*TT*") - 1) & "]", "")) -> ConveyorStation[117] | J28: CNV_Movimot_Drive[117] | K28: NO | L28: No | M28: No
A29: =IF(ISNUMBER(SEARCH("CT",B29)),"1"&MID(B29,2,FIND("CT",B29)-2)&RIGHT(B29,1),MID(B29,2,FIND("C",B29)-2)&RIGHT(B29,1)) -> 1612 | B29: B161C2 | C29: OB TO MAN UNWRAPPING | D29: 1 | E29: =IF(ISNUMBER(SEARCH("CT",B29)), "CrossTransferStation[" & (Q$3 + COUNTIF($B$2:B29,"*CT*") - 1) & "]", IF( OR(ISNUMBER(SEARCH("TT",B29)), AND(ISNUMBER(SEARCH("C",B29)), NOT(ISNUMBER(SEARCH("CT",B29)))) ), "ConveyorStation[" & (Q$2 + COUNTIFS($B$2:B29,"*C*",$B$2:B29,"<>*CT*") + COUNTIF($B$2:B29,"*TT*") - 1) & "]", "")) -> ConveyorStation[118] | J29: CNV_Movimot_Drive[118] | K29: NO | L29: No | M29: No
A30: =IF(ISNUMBER(SEARCH("CT",B30)),"1"&MID(B30,2,FIND("CT",B30)-2)&RIGHT(B30,1),MID(B30,2,FIND("C",B30)-2)&RIGHT(B30,1)) -> 1613 | B30: B161C3 | C30: OB TO MAN UNWRAPPING | D30: 1 | E30: =IF(ISNUMBER(SEARCH("CT",B30)), "CrossTransferStation[" & (Q$3 + COUNTIF($B$2:B30,"*CT*") - 1) & "]", IF( OR(ISNUMBER(SEARCH("TT",B30)), AND(ISNUMBER(SEARCH("C",B30)), NOT(ISNUMBER(SEARCH("CT",B30)))) ), "ConveyorStation[" & (Q$2 + COUNTIFS($B$2:B30,"*C*",$B$2:B30,"<>*CT*") + COUNTIF($B$2:B30,"*TT*") - 1) & "]", "")) -> ConveyorStation[119] | J30: CNV_Movimot_Drive[119] | K30: NO | L30: No | M30: No
A31: =IF(ISNUMBER(SEARCH("CT",B31)),"1"&MID(B31,2,FIND("CT",B31)-2)&RIGHT(B31,1),MID(B31,2,FIND("C",B31)-2)&RIGHT(B31,1)) -> 1614 | B31: B161C4 | C31: OB TO MAN UNWRAPPING | D31: 1 | E31: =IF(ISNUMBER(SEARCH("CT",B31)), "CrossTransferStation[" & (Q$3 + COUNTIF($B$2:B31,"*CT*") - 1) & "]", IF( OR(ISNUMBER(SEARCH("TT",B31)), AND(ISNUMBER(SEARCH("C",B31)), NOT(ISNUMBER(SEARCH("CT",B31)))) ), "ConveyorStation[" & (Q$2 + COUNTIFS($B$2:B31,"*C*",$B$2:B31,"<>*CT*") + COUNTIF($B$2:B31,"*TT*") - 1) & "]", "")) -> ConveyorStation[120] | J31: CNV_Movimot_Drive[120] Cross_Over[120] | K31: NO | L31: No | M31: No
A32: =IF(ISNUMBER(SEARCH("CT",B32)),"1"&MID(B32,2,FIND("CT",B32)-2)&RIGHT(B32,1),MID(B32,2,FIND("C",B32)-2)&RIGHT(B32,1)) -> 11611 | B32: B161CT1 | C32: OB TO MAN UNWRAPPING | D32: 1 | E32: =IF(ISNUMBER(SEARCH("CT",B32)), "CrossTransferStation[" & (Q$3 + COUNTIF($B$2:B32,"*CT*") - 1) & "]", IF( OR(ISNUMBER(SEARCH("TT",B32)), AND(ISNUMBER(SEARCH("C",B32)), NOT(ISNUMBER(SEARCH("CT",B32)))) ), "ConveyorStation[" & (Q$2 + COUNTIFS($B$2:B32,"*C*",$B$2:B32,"<>*CT*") + COUNTIF($B$2:B32,"*TT*") - 1) & "]", "")) -> CrossTransferStation[43] | J32: CT_Movifit_Drive[43] CT_Moviswitch_Drive[43] | K32: NO | L32: No | M32: No
A33: =IF(ISNUMBER(SEARCH("CT",B33)),"1"&MID(B33,2,FIND("CT",B33)-2)&RIGHT(B33,1),MID(B33,2,FIND("C",B33)-2)&RIGHT(B33,1)) -> 11612 | B33: B161CT2 | C33: OB TO MAN UNWRAPPING | D33: 1 | E33: =IF(ISNUMBER(SEARCH("CT",B33)), "CrossTransferStation[" & (Q$3 + COUNTIF($B$2:B33,"*CT*") - 1) & "]", IF( OR(ISNUMBER(SEARCH("TT",B33)), AND(ISNUMBER(SEARCH("C",B33)), NOT(ISNUMBER(SEARCH("CT",B33)))) ), "ConveyorStation[" & (Q$2 + COUNTIFS($B$2:B33,"*C*",$B$2:B33,"<>*CT*") + COUNTIF($B$2:B33,"*TT*") - 1) & "]", "")) -> CrossTransferStation[44] | J33: CT_Movifit_Drive[44] CT_Moviswitch_Drive[44] Decision_Station_1_In_1_Out[44] | K33: NO | L33: No | M33: No
A34: =IF(ISNUMBER(SEARCH("CT",B34)),"1"&MID(B34,2,FIND("CT",B34)-2)&RIGHT(B34,1),MID(B34,2,FIND("C",B34)-2)&RIGHT(B34,1)) -> 11621 | B34: B162CT1 | C34: OB TO MAN UNWRAPPING | D34: 1 | E34: =IF(ISNUMBER(SEARCH("CT",B34)), "CrossTransferStation[" & (Q$3 + COUNTIF($B$2:B34,"*CT*") - 1) & "]", IF( OR(ISNUMBER(SEARCH("TT",B34)), AND(ISNUMBER(SEARCH("C",B34)), NOT(ISNUMBER(SEARCH("CT",B34)))) ), "ConveyorStation[" & (Q$2 + COUNTIFS($B$2:B34,"*C*",$B$2:B34,"<>*CT*") + COUNTIF($B$2:B34,"*TT*") - 1) & "]", "")) -> CrossTransferStation[45] | F34: Decision[44] | J34: CT_Movifit_Drive[45] CT_Moviswitch_Drive[45] | K34: NO | L34: No | M34: Yes
A35: =IF(ISNUMBER(SEARCH("CT",B35)),"1"&MID(B35,2,FIND("CT",B35)-2)&RIGHT(B35,1),MID(B35,2,FIND("C",B35)-2)&RIGHT(B35,1)) -> 1631 | B35: B163C1 | C35: OB TO MAN UNWRAPPING | D35: 1 | E35: =IF(ISNUMBER(SEARCH("CT",B35)), "CrossTransferStation[" & (Q$3 + COUNTIF($B$2:B35,"*CT*") - 1) & "]", IF( OR(ISNUMBER(SEARCH("TT",B35)), AND(ISNUMBER(SEARCH("C",B35)), NOT(ISNUMBER(SEARCH("CT",B35)))) ), "ConveyorStation[" & (Q$2 + COUNTIFS($B$2:B35,"*C*",$B$2:B35,"<>*CT*") + COUNTIF($B$2:B35,"*TT*") - 1) & "]", "")) -> ConveyorStation[121] | F35: UnloadingStation[33] | J35: CNV_Movimot_Drive[121] | K35: NO | L35: No | M35: Yes
A36: =IF(ISNUMBER(SEARCH("CT",B36)),"1"&MID(B36,2,FIND("CT",B36)-2)&RIGHT(B36,1),MID(B36,2,FIND("C",B36)-2)&RIGHT(B36,1)) -> 1641 | B36: B164C1 | C36: OB TO MAN UNWRAPPING | D36: 1 | E36: =IF(ISNUMBER(SEARCH("CT",B36)), "CrossTransferStation[" & (Q$3 + COUNTIF($B$2:B40,"*CT*") - 1) & "]", IF( OR(ISNUMBER(SEARCH("TT",B36)), AND(ISNUMBER(SEARCH("C",B36)), NOT(ISNUMBER(SEARCH("CT",B36)))) ), "ConveyorStation[" & (Q$2 + COUNTIFS($B$2:B40,"*C*",$B$2:B40,"<>*CT*") + COUNTIF($B$2:B40,"*TT*") - 1) & "]", "")) -> ConveyorStation[122] | J36: CNV_Movimot_Drive[122] | K36: NO | L36: No | M36: No
B37: B155,B156 | C37: OB TO MAN UNWRAPPING | D37: 1 | E37: Man_Unwrapping_Branch_Error_ManagerOP[1]
B38: B157 | C38: OB TO MAN UNWRAPPING | D38: 1 | E38: Man_Unwrapping_Branch_Error_ManagerOP[2]
B39: B158,B159,B160 | C39: OB TO MAN UNWRAPPING | D39: 1 | E39: Man_Unwrapping_Branch_Error_ManagerOP[3]
B40: B161,B162,B163,B164 | C40: OB TO MAN UNWRAPPING | D40: 1 | E40: Man_Unwrapping_Branch_Error_ManagerOP[4]

Sheet EZ10 GTP
A1: ID | B1: Name | C1: PLC ID | D1: Zone ID | E1: Functionality 1 with Array Index | F1: Functionality 2 with Array Index | G1: Functionality 3 with Array Index | H1: Functionality 4 with Array Index | I1: Functionality 5 with Array Index | J1: Functionality Logging purpose only | K1: Barcode Present (Yes/No) | L1: Source requirement | M1: Destination requirement | N1: Remarks
A2: =IF(ISNUMBER(SEARCH("CT",B2)),"1"&MID(B2,2,FIND("CT",B2)-2)&RIGHT(B2,1),MID(B2,2,FIND("C",B2)-2)&RIGHT(B2,1)) -> 871 | B2: B87C1 | C2: GTP | D2: 1 | E2: =IF(ISNUMBER(SEARCH("CT",B2)), "CrossTransferStation[" & (Q$3 + COUNTIF($B$2:B2,"*CT*") - 1) & "]", IF( OR(ISNUMBER(SEARCH("TT",B2)), AND(ISNUMBER(SEARCH("C",B2)), NOT(ISNUMBER(SEARCH("CT",B2)))) ), "ConveyorStation[" & (Q$2 + COUNTIFS($B$2:B2,"*C*",$B$2:B2,"<>*CT*") + COUNTIF($B$2:B2,"*TT*") - 1) & "]", "")) -> ConveyorStation[133] | F2: StackDestackStation[15] | J2: CNV_Movimot_Drive[133] STR_Lifter_Movimot_Drive[133] STR_Gripper_Movimot_Drive[133] | K2: NO | L2: Yes | M2: No | P2: CNC Start No | Q2: 133
A3: =IF(ISNUMBER(SEARCH("CT",B3)),"1"&MID(B3,2,FIND("CT",B3)-2)&RIGHT(B3,1),MID(B3,2,FIND("C",B3)-2)&RIGHT(B3,1)) -> 1871 | B3: B87CT1 | C3: GTP | D3: 1 | E3: =IF(ISNUMBER(SEARCH("CT",B3)), "CrossTransferStation[" & (Q$3 + COUNTIF($B$2:B3,"*CT*") - 1) & "]", IF( OR(ISNUMBER(SEARCH("TT",B3)), AND(ISNUMBER(SEARCH("C",B3)), NOT(ISNUMBER(SEARCH("CT",B3)))) ), "ConveyorStation[" & (Q$2 + COUNTIFS($B$2:B3,"*C*",$B$2:B3,"<>*CT*") + COUNTIF($B$2:B3,"*TT*") - 1) & "]", "")) -> CrossTransferStation[56] | F3: Decision[55] | J3: CT_Movifit_Drive[56] CT_Moviswitch_Drive[56] | K3: NO | L3: Yes | M3: No | P3: CT Start No | Q3: 56
A4: =IF(ISNUMBER(SEARCH("CT",B4)),"1"&MID(B4,2,FIND("CT",B4)-2)&RIGHT(B4,1),MID(B4,2,FIND("C",B4)-2)&RIGHT(B4,1)) -> 881 | B4: B88C1 | C4: GTP | D4: 1 | E4: =IF(ISNUMBER(SEARCH("CT",B4)), "CrossTransferStation[" & (Q$3 + COUNTIF($B$2:B4,"*CT*") - 1) & "]", IF( OR(ISNUMBER(SEARCH("TT",B4)), AND(ISNUMBER(SEARCH("C",B4)), NOT(ISNUMBER(SEARCH("CT",B4)))) ), "ConveyorStation[" & (Q$2 + COUNTIFS($B$2:B4,"*C*",$B$2:B4,"<>*CT*") + COUNTIF($B$2:B4,"*TT*") - 1) & "]", "")) -> ConveyorStation[134] | J4: CNV_Movimot_Drive[134] | K4: NO | L4: No | M4: No
A5: =IF(ISNUMBER(SEARCH("CT",B5)),"1"&MID(B5,2,FIND("CT",B5)-2)&RIGHT(B5,1),MID(B5,2,FIND("C",B5)-2)&RIGHT(B5,1)) -> 882 | B5: B88C2 | C5: GTP | D5: 1 | E5: =IF(ISNUMBER(SEARCH("CT",B5)), "CrossTransferStation[" & (Q$3 + COUNTIF($B$2:B5,"*CT*") - 1) & "]", IF( OR(ISNUMBER(SEARCH("TT",B5)), AND(ISNUMBER(SEARCH("C",B5)), NOT(ISNUMBER(SEARCH("CT",B5)))) ), "ConveyorStation[" & (Q$2 + COUNTIFS($B$2:B5,"*C*",$B$2:B5,"<>*CT*") + COUNTIF($B$2:B5,"*TT*") - 1) & "]", "")) -> ConveyorStation[135] | J5: CNV_Movimot_Drive[135] | K5: NO | L5: No | M5: No
A6: =IF(ISNUMBER(SEARCH("CT",B6)),"1"&MID(B6,2,FIND("CT",B6)-2)&RIGHT(B6,1),MID(B6,2,FIND("C",B6)-2)&RIGHT(B6,1)) -> 883 | B6: B88C3 | C6: GTP | D6: 1 | E6: =IF(ISNUMBER(SEARCH("CT",B6)), "CrossTransferStation[" & (Q$3 + COUNTIF($B$2:B6,"*CT*") - 1) & "]", IF( OR(ISNUMBER(SEARCH("TT",B6)), AND(ISNUMBER(SEARCH("C",B6)), NOT(ISNUMBER(SEARCH("CT",B6)))) ), "ConveyorStation[" & (Q$2 + COUNTIFS($B$2:B6,"*C*",$B$2:B6,"<>*CT*") + COUNTIF($B$2:B6,"*TT*") - 1) & "]", "")) -> ConveyorStation[136] | F6: GTPDecision[1] | J6: CNV_Movimot_Drive[136] Operator_Desicion_Point[136] SEW_Movisuite_Control_Scissor_Lift[136] | K6: NO | L6: No | M6: Yes | P6: Name | Q6: Min | R6: Max | S6: No of Spare | T6: Next Stn No
A7: =IF(ISNUMBER(SEARCH("CT",B7)),"1"&MID(B7,2,FIND("CT",B7)-2)&RIGHT(B7,1),MID(B7,2,FIND("C",B7)-2)&RIGHT(B7,1)) -> 884 | B7: B88C4 | C7: GTP | D7: 1 | E7: =IF(ISNUMBER(SEARCH("CT",B7)), "CrossTransferStation[" & (Q$3 + COUNTIF($B$2:B7,"*CT*") - 1) & "]", IF( OR(ISNUMBER(SEARCH("TT",B7)), AND(ISNUMBER(SEARCH("C",B7)), NOT(ISNUMBER(SEARCH("CT",B7)))) ), "ConveyorStation[" & (Q$2 + COUNTIFS($B$2:B7,"*C*",$B$2:B7,"<>*CT*") + COUNTIF($B$2:B7,"*TT*") - 1) & "]", "")) -> ConveyorStation[137] | J7: CNV_Movimot_Drive[137] | K7: NO | L7: No | M7: No | P7: ConveyorStation | Q7: 133 | R7: 153 | S7: 10 | T7: =SUM(R7:S7)+1 -> 164 | U7: =T7-S7-Q7 -> 21
A8: =IF(ISNUMBER(SEARCH("CT",B8)),"1"&MID(B8,2,FIND("CT",B8)-2)&RIGHT(B8,1),MID(B8,2,FIND("C",B8)-2)&RIGHT(B8,1)) -> 1881 | B8: B88CT1 | C8: GTP | D8: 1 | E8: =IF(ISNUMBER(SEARCH("CT",B8)), "CrossTransferStation[" & (Q$3 + COUNTIF($B$2:B8,"*CT*") - 1) & "]", IF( OR(ISNUMBER(SEARCH("TT",B8)), AND(ISNUMBER(SEARCH("C",B8)), NOT(ISNUMBER(SEARCH("CT",B8)))) ), "ConveyorStation[" & (Q$2 + COUNTIFS($B$2:B8,"*C*",$B$2:B8,"<>*CT*") + COUNTIF($B$2:B8,"*TT*") - 1) & "]", "")) -> CrossTransferStation[57] | F8: Decision[56] | J8: CT_Movifit_Drive[57] CT_Moviswitch_Drive[57] CT_SP_Barcode_Scanner[57] | K8: yes | L8: Yes | M8: Yes | P8: CrossTransferStation | Q8: 56 | R8: 62 | S8: 10 | T8: =SUM(R8:S8)+1 -> 73 | U8: =T8-S8-Q8 -> 7
A9: =IF(ISNUMBER(SEARCH("CT",B9)),"1"&MID(B9,2,FIND("CT",B9)-2)&RIGHT(B9,1),MID(B9,2,FIND("C",B9)-2)&RIGHT(B9,1)) -> 1882 | B9: B88CT2 | C9: GTP | D9: 1 | E9: =IF(ISNUMBER(SEARCH("CT",B9)), "CrossTransferStation[" & (Q$3 + COUNTIF($B$2:B9,"*CT*") - 1) & "]", IF( OR(ISNUMBER(SEARCH("TT",B9)), AND(ISNUMBER(SEARCH("C",B9)), NOT(ISNUMBER(SEARCH("CT",B9)))) ), "ConveyorStation[" & (Q$2 + COUNTIFS($B$2:B9,"*C*",$B$2:B9,"<>*CT*") + COUNTIF($B$2:B9,"*TT*") - 1) & "]", "")) -> CrossTransferStation[58] | F9: Decision[57] | J9: CT_Movifit_Drive[58] CT_Moviswitch_Drive[58] CT_SP_Barcode_Scanner[58] | K9: yes | L9: Yes | M9: Yes | P9: Decision | Q9: 55 | R9: 59 | S9: 11 | T9: =SUM(R9:S9)+1 -> 71 | U9: =T9-S9-Q9 -> 5
A10: =IF(ISNUMBER(SEARCH("CT",B10)),"1"&MID(B10,2,FIND("CT",B10)-2)&RIGHT(B10,1),MID(B10,2,FIND("C",B10)-2)&RIGHT(B10,1)) -> 891 | B10: B89C1 | C10: GTP | D10: 1 | E10: =IF(ISNUMBER(SEARCH("CT",B10)), "CrossTransferStation[" & (Q$3 + COUNTIF($B$2:B10,"*CT*") - 1) & "]", IF( OR(ISNUMBER(SEARCH("TT",B10)), AND(ISNUMBER(SEARCH("C",B10)), NOT(ISNUMBER(SEARCH("CT",B10)))) ), "ConveyorStation[" & (Q$2 + COUNTIFS($B$2:B10,"*C*",$B$2:B10,"<>*CT*") + COUNTIF($B$2:B10,"*TT*") - 1) & "]", "")) -> ConveyorStation[138] | J10: CNV_Movimot_Drive[138] Operator_Desicion_Point[138] | K10: NO | L10: No | M10: No | P10: LoadingStation | Q10: 30 | R10: 31 | S10: 10 | T10: =SUM(R10:S10)+1 -> 42 | U10: =T10-S10-Q10 -> 2
A11: =IF(ISNUMBER(SEARCH("CT",B11)),"1"&MID(B11,2,FIND("CT",B11)-2)&RIGHT(B11,1),MID(B11,2,FIND("C",B11)-2)&RIGHT(B11,1)) -> 901 | B11: B90C1 | C11: GTP | D11: 1 | E11: =IF(ISNUMBER(SEARCH("CT",B11)), "CrossTransferStation[" & (Q$3 + COUNTIF($B$2:B11,"*CT*") - 1) & "]", IF( OR(ISNUMBER(SEARCH("TT",B11)), AND(ISNUMBER(SEARCH("C",B11)), NOT(ISNUMBER(SEARCH("CT",B11)))) ), "ConveyorStation[" & (Q$2 + COUNTIFS($B$2:B11,"*C*",$B$2:B11,"<>*CT*") + COUNTIF($B$2:B11,"*TT*") - 1) & "]", "")) -> ConveyorStation[139] | F11: UnloadingStation[47] | J11: CNV_Movimot_Drive[139] Function_Manager[139] | K11: NO | L11: No | M11: Yes | P11: UnloadingStation | Q11: 44 | R11: 46 | S11: 10 | T11: =SUM(R11:S11)+1 -> 57 | U11: =T11-S11-Q11 -> 3
A12: =IF(ISNUMBER(SEARCH("CT",B12)),"1"&MID(B12,2,FIND("CT",B12)-2)&RIGHT(B12,1),MID(B12,2,FIND("C",B12)-2)&RIGHT(B12,1)) -> 911 | B12: B91C1 | C12: GTP | D12: 1 | E12: =IF(ISNUMBER(SEARCH("CT",B12)), "CrossTransferStation[" & (Q$3 + COUNTIF($B$2:B12,"*CT*") - 1) & "]", IF( OR(ISNUMBER(SEARCH("TT",B12)), AND(ISNUMBER(SEARCH("C",B12)), NOT(ISNUMBER(SEARCH("CT",B12)))) ), "ConveyorStation[" & (Q$2 + COUNTIFS($B$2:B12,"*C*",$B$2:B12,"<>*CT*") + COUNTIF($B$2:B12,"*TT*") - 1) & "]", "")) -> ConveyorStation[140] | F12: UnloadingStation[44] | J12: CNV_Movimot_Drive[140] | K12: NO | L12: No | M12: Yes | P12: StackDestackStation | Q12: 15 | R12: 17 | S12: 10 | T12: =SUM(R12:S12)+1 -> 28 | U12: =T12-S12-Q12 -> 3
A13: =IF(ISNUMBER(SEARCH("CT",B13)),"1"&MID(B13,2,FIND("CT",B13)-2)&RIGHT(B13,1),MID(B13,2,FIND("C",B13)-2)&RIGHT(B13,1)) -> 921 | B13: B92C1 | C13: GTP | D13: 1 | E13: =IF(ISNUMBER(SEARCH("CT",B13)), "CrossTransferStation[" & (Q$3 + COUNTIF($B$2:B13,"*CT*") - 1) & "]", IF( OR(ISNUMBER(SEARCH("TT",B13)), AND(ISNUMBER(SEARCH("C",B13)), NOT(ISNUMBER(SEARCH("CT",B13)))) ), "ConveyorStation[" & (Q$2 + COUNTIFS($B$2:B13,"*C*",$B$2:B13,"<>*CT*") + COUNTIF($B$2:B13,"*TT*") - 1) & "]", "")) -> ConveyorStation[141] | F13: LoadingStation[31] | J13: CNV_Movimot_Drive[141] | K13: NO | L13: Yes | M13: No | P13: ProfileCheckStation | T13: ='EZ17 OB to Man Unwrapping'!T13 -> 12
A14: =IF(ISNUMBER(SEARCH("CT",B14)),"1"&MID(B14,2,FIND("CT",B14)-2)&RIGHT(B14,1),MID(B14,2,FIND("C",B14)-2)&RIGHT(B14,1)) -> 1921 | B14: B92CT1 | C14: GTP | D14: 1 | E14: =IF(ISNUMBER(SEARCH("CT",B14)), "CrossTransferStation[" & (Q$3 + COUNTIF($B$2:B14,"*CT*") - 1) & "]", IF( OR(ISNUMBER(SEARCH("TT",B14)), AND(ISNUMBER(SEARCH("C",B14)), NOT(ISNUMBER(SEARCH("CT",B14)))) ), "ConveyorStation[" & (Q$2 + COUNTIFS($B$2:B14,"*C*",$B$2:B14,"<>*CT*") + COUNTIF($B$2:B14,"*TT*") - 1) & "]", "")) -> CrossTransferStation[59] | J14: CT_Movifit_Drive[59] CT_Moviswitch_Drive[59] CT_SP_Barcode_Scanner[59] Decision_Station_1_In_1_Out[59] | K14: yes | L14: No | M14: No | P14: TurnTableStation | T14: ='EZ17 OB to Man Unwrapping'!T14 -> 13
A15: =IF(ISNUMBER(SEARCH("CT",B15)),"1"&MID(B15,2,FIND("CT",B15)-2)&RIGHT(B15,1),MID(B15,2,FIND("C",B15)-2)&RIGHT(B15,1)) -> 931 | B15: B93C1 | C15: GTP | D15: 1 | E15: =IF(ISNUMBER(SEARCH("CT",B15)), "CrossTransferStation[" & (Q$3 + COUNTIF($B$2:B15,"*CT*") - 1) & "]", IF( OR(ISNUMBER(SEARCH("TT",B15)), AND(ISNUMBER(SEARCH("C",B15)), NOT(ISNUMBER(SEARCH("CT",B15)))) ), "ConveyorStation[" & (Q$2 + COUNTIFS($B$2:B15,"*C*",$B$2:B15,"<>*CT*") + COUNTIF($B$2:B15,"*TT*") - 1) & "]", "")) -> ConveyorStation[142] | J15: CNV_Movimot_Drive[142] | K15: NO | L15: No | M15: No | P15: LabellingStation | T15: ='EZ17 OB to Man Unwrapping'!T15 -> 12
A16: =IF(ISNUMBER(SEARCH("CT",B16)),"1"&MID(B16,2,FIND("CT",B16)-2)&RIGHT(B16,1),MID(B16,2,FIND("C",B16)-2)&RIGHT(B16,1)) -> 932 | B16: B93C2 | C16: GTP | D16: 1 | E16: =IF(ISNUMBER(SEARCH("CT",B16)), "CrossTransferStation[" & (Q$3 + COUNTIF($B$2:B16,"*CT*") - 1) & "]", IF( OR(ISNUMBER(SEARCH("TT",B16)), AND(ISNUMBER(SEARCH("C",B16)), NOT(ISNUMBER(SEARCH("CT",B16)))) ), "ConveyorStation[" & (Q$2 + COUNTIFS($B$2:B16,"*C*",$B$2:B16,"<>*CT*") + COUNTIF($B$2:B16,"*TT*") - 1) & "]", "")) -> ConveyorStation[143] | F16: GTPDecision[2] | J16: CNV_Movimot_Drive[143] SEW_Movisuite_Control_Scissor_Lift[143] | K16: NO | L16: No | M16: Yes | P16: WrappingStation | T16: ='EZ17 OB to Man Unwrapping'!T16 -> 12
A17: =IF(ISNUMBER(SEARCH("CT",B17)),"1"&MID(B17,2,FIND("CT",B17)-2)&RIGHT(B17,1),MID(B17,2,FIND("C",B17)-2)&RIGHT(B17,1)) -> 933 | B17: B93C3 | C17: GTP | D17: 1 | E17: =IF(ISNUMBER(SEARCH("CT",B17)), "CrossTransferStation[" & (Q$3 + COUNTIF($B$2:B17,"*CT*") - 1) & "]", IF( OR(ISNUMBER(SEARCH("TT",B17)), AND(ISNUMBER(SEARCH("C",B17)), NOT(ISNUMBER(SEARCH("CT",B17)))) ), "ConveyorStation[" & (Q$2 + COUNTIFS($B$2:B17,"*C*",$B$2:B17,"<>*CT*") + COUNTIF($B$2:B17,"*TT*") - 1) & "]", "")) -> ConveyorStation[144] | J17: CNV_Movimot_Drive[144] | K17: NO | L17: No | M17: No | P17: Zone | Q17: 1 | R17: 1 | S17: 10 | T17: =SUM(R17:S17)+1 -> 12 | U17: =T17-S17-Q17 -> 1
A18: =IF(ISNUMBER(SEARCH("CT",B18)),"1"&MID(B18,2,FIND("CT",B18)-2)&RIGHT(B18,1),MID(B18,2,FIND("C",B18)-2)&RIGHT(B18,1)) -> 941 | B18: B94C1 | C18: GTP | D18: 1 | E18: =IF(ISNUMBER(SEARCH("CT",B18)), "CrossTransferStation[" & (Q$3 + COUNTIF($B$2:B18,"*CT*") - 1) & "]", IF( OR(ISNUMBER(SEARCH("TT",B18)), AND(ISNUMBER(SEARCH("C",B18)), NOT(ISNUMBER(SEARCH("CT",B18)))) ), "ConveyorStation[" & (Q$2 + COUNTIFS($B$2:B18,"*C*",$B$2:B18,"<>*CT*") + COUNTIF($B$2:B18,"*TT*") - 1) & "]", "")) -> ConveyorStation[145] | F18: UnloadingStation[45] | J18: CNV_Movimot_Drive[145] | K18: NO | L18: No | M18: Yes | P18: GTPDecision | Q18: 1 | R18: 2 | S18: 10 | T18: =SUM(R18:S18)+1 -> 13 | U18: =T18-S18-Q18 -> 2
A19: =IF(ISNUMBER(SEARCH("CT",B19)),"1"&MID(B19,2,FIND("CT",B19)-2)&RIGHT(B19,1),MID(B19,2,FIND("C",B19)-2)&RIGHT(B19,1)) -> 1941 | B19: B94CT1 | C19: GTP | D19: 1 | E19: =IF(ISNUMBER(SEARCH("CT",B19)), "CrossTransferStation[" & (Q$3 + COUNTIF($B$2:B19,"*CT*") - 1) & "]", IF( OR(ISNUMBER(SEARCH("TT",B19)), AND(ISNUMBER(SEARCH("C",B19)), NOT(ISNUMBER(SEARCH("CT",B19)))) ), "ConveyorStation[" & (Q$2 + COUNTIFS($B$2:B19,"*C*",$B$2:B19,"<>*CT*") + COUNTIF($B$2:B19,"*TT*") - 1) & "]", "")) -> CrossTransferStation[60] | J19: CT_Movifit_Drive[59] CT_Moviswitch_Drive[59] Decision_Station_1_In_1_Out[59] | K19: NO | L19: No | M19: No
A20: =IF(ISNUMBER(SEARCH("CT",B20)),"1"&MID(B20,2,FIND("CT",B20)-2)&RIGHT(B20,1),MID(B20,2,FIND("C",B20)-2)&RIGHT(B20,1)) -> 951 | B20: B95C1 | C20: GTP | D20: 1 | E20: =IF(ISNUMBER(SEARCH("CT",B20)), "CrossTransferStation[" & (Q$3 + COUNTIF($B$2:B20,"*CT*") - 1) & "]", IF( OR(ISNUMBER(SEARCH("TT",B20)), AND(ISNUMBER(SEARCH("C",B20)), NOT(ISNUMBER(SEARCH("CT",B20)))) ), "ConveyorStation[" & (Q$2 + COUNTIFS($B$2:B20,"*C*",$B$2:B20,"<>*CT*") + COUNTIF($B$2:B20,"*TT*") - 1) & "]", "")) -> ConveyorStation[146] | J20: CNV_Movimot_Drive[146] | K20: NO | L20: No | M20: No
A21: =IF(ISNUMBER(SEARCH("CT",B21)),"1"&MID(B21,2,FIND("CT",B21)-2)&RIGHT(B21,1),MID(B21,2,FIND("C",B21)-2)&RIGHT(B21,1)) -> 952 | B21: B95C2 | C21: GTP | D21: 1 | E21: =IF(ISNUMBER(SEARCH("CT",B21)), "CrossTransferStation[" & (Q$3 + COUNTIF($B$2:B21,"*CT*") - 1) & "]", IF( OR(ISNUMBER(SEARCH("TT",B21)), AND(ISNUMBER(SEARCH("C",B21)), NOT(ISNUMBER(SEARCH("CT",B21)))) ), "ConveyorStation[" & (Q$2 + COUNTIFS($B$2:B21,"*C*",$B$2:B21,"<>*CT*") + COUNTIF($B$2:B21,"*TT*") - 1) & "]", "")) -> ConveyorStation[147] | J21: CNV_Movimot_Drive[147] Operator_Desicion_Point[147] SEW_Movisuite_Control_Scissor_Lift[147] | K21: NO | L21: No | M21: No
A22: =IF(ISNUMBER(SEARCH("CT",B22)),"1"&MID(B22,2,FIND("CT",B22)-2)&RIGHT(B22,1),MID(B22,2,FIND("C",B22)-2)&RIGHT(B22,1)) -> 1951 | B22: B95CT1 | C22: GTP | D22: 1 | E22: =IF(ISNUMBER(SEARCH("CT",B22)), "CrossTransferStation[" & (Q$3 + COUNTIF($B$2:B22,"*CT*") - 1) & "]", IF( OR(ISNUMBER(SEARCH("TT",B22)), AND(ISNUMBER(SEARCH("C",B22)), NOT(ISNUMBER(SEARCH("CT",B22)))) ), "ConveyorStation[" & (Q$2 + COUNTIFS($B$2:B22,"*C*",$B$2:B22,"<>*CT*") + COUNTIF($B$2:B22,"*TT*") - 1) & "]", "")) -> CrossTransferStation[61] | F22: Decision[58] | J22: CT_Movifit_Drive[59] CT_Moviswitch_Drive[59] | K22: NO | L22: Yes | M22: Yes
A23: =IF(ISNUMBER(SEARCH("CT",B23)),"1"&MID(B23,2,FIND("CT",B23)-2)&RIGHT(B23,1),MID(B23,2,FIND("C",B23)-2)&RIGHT(B23,1)) -> 961 | B23: B96C1 | C23: GTP | D23: 1 | E23: =IF(ISNUMBER(SEARCH("CT",B23)), "CrossTransferStation[" & (Q$3 + COUNTIF($B$2:B23,"*CT*") - 1) & "]", IF( OR(ISNUMBER(SEARCH("TT",B23)), AND(ISNUMBER(SEARCH("C",B23)), NOT(ISNUMBER(SEARCH("CT",B23)))) ), "ConveyorStation[" & (Q$2 + COUNTIFS($B$2:B23,"*C*",$B$2:B23,"<>*CT*") + COUNTIF($B$2:B23,"*TT*") - 1) & "]", "")) -> ConveyorStation[148] | F23: UnloadingStation[46] | J23: CNV_Movimot_Drive[148] | K23: NO | L23: No | M23: Yes
A24: =IF(ISNUMBER(SEARCH("CT",B24)),"1"&MID(B24,2,FIND("CT",B24)-2)&RIGHT(B24,1),MID(B24,2,FIND("C",B24)-2)&RIGHT(B24,1)) -> 1651 | B24: B165C1 | C24: GTP | D24: 1 | E24: =IF(ISNUMBER(SEARCH("CT",B24)), "CrossTransferStation[" & (Q$3 + COUNTIF($B$2:B24,"*CT*") - 1) & "]", IF( OR(ISNUMBER(SEARCH("TT",B24)), AND(ISNUMBER(SEARCH("C",B24)), NOT(ISNUMBER(SEARCH("CT",B24)))) ), "ConveyorStation[" & (Q$2 + COUNTIFS($B$2:B24,"*C*",$B$2:B24,"<>*CT*") + COUNTIF($B$2:B24,"*TT*") - 1) & "]", "")) -> ConveyorStation[149] | J24: CNV_Movimot_Drive[149] | K24: NO | L24: No | M24: No
A25: =IF(ISNUMBER(SEARCH("CT",B25)),"1"&MID(B25,2,FIND("CT",B25)-2)&RIGHT(B25,1),MID(B25,2,FIND("C",B25)-2)&RIGHT(B25,1)) -> 1652 | B25: B165C2 | C25: GTP | D25: 1 | E25: =IF(ISNUMBER(SEARCH("CT",B25)), "CrossTransferStation[" & (Q$3 + COUNTIF($B$2:B25,"*CT*") - 1) & "]", IF( OR(ISNUMBER(SEARCH("TT",B25)), AND(ISNUMBER(SEARCH("C",B25)), NOT(ISNUMBER(SEARCH("CT",B25)))) ), "ConveyorStation[" & (Q$2 + COUNTIFS($B$2:B25,"*C*",$B$2:B25,"<>*CT*") + COUNTIF($B$2:B25,"*TT*") - 1) & "]", "")) -> ConveyorStation[150] | J25: CNV_Movimot_Drive[150] | K25: NO | L25: No | M25: No
A26: =IF(ISNUMBER(SEARCH("CT",B26)),"1"&MID(B26,2,FIND("CT",B26)-2)&RIGHT(B26,1),MID(B26,2,FIND("C",B26)-2)&RIGHT(B26,1)) -> 11 | B26: B1C1 | C26: GTP | D26: 1 | E26: =IF(ISNUMBER(SEARCH("CT",B26)), "CrossTransferStation[" & (Q$3 + COUNTIF($B$2:B26,"*CT*") - 1) & "]", IF( OR(ISNUMBER(SEARCH("TT",B26)), AND(ISNUMBER(SEARCH("C",B26)), NOT(ISNUMBER(SEARCH("CT",B26)))) ), "ConveyorStation[" & (Q$2 + COUNTIFS($B$2:B26,"*C*",$B$2:B26,"<>*CT*") + COUNTIF($B$2:B26,"*TT*") - 1) & "]", "")) -> ConveyorStation[151] | F26: StackDestackStation[16] | J26: CNV_Movimot_Drive[151] STR_Lifter_Movimot_Drive[151] STR_Gripper_Movimot_Drive[151] | K26: NO | L26: Yes | M26: No
A27: =IF(ISNUMBER(SEARCH("CT",B27)),"1"&MID(B27,2,FIND("CT",B27)-2)&RIGHT(B27,1),MID(B27,2,FIND("C",B27)-2)&RIGHT(B27,1)) -> 12 | B27: B1C2 | C27: GTP | D27: 1 | E27: =IF(ISNUMBER(SEARCH("CT",B27)), "CrossTransferStation[" & (Q$3 + COUNTIF($B$2:B27,"*CT*") - 1) & "]", IF( OR(ISNUMBER(SEARCH("TT",B27)), AND(ISNUMBER(SEARCH("C",B27)), NOT(ISNUMBER(SEARCH("CT",B27)))) ), "ConveyorStation[" & (Q$2 + COUNTIFS($B$2:B27,"*C*",$B$2:B27,"<>*CT*") + COUNTIF($B$2:B27,"*TT*") - 1) & "]", "")) -> ConveyorStation[152] | F27: StackDestackStation[17] | J27: CNV_Movimot_Drive[152] STR_Lifter_Movimot_Drive[152] STR_Gripper_Movimot_Drive[152] | K27: NO | L27: No | M27: Yes
A28: =IF(ISNUMBER(SEARCH("CT",B28)),"1"&MID(B28,2,FIND("CT",B28)-2)&RIGHT(B28,1),MID(B28,2,FIND("C",B28)-2)&RIGHT(B28,1)) -> 13 | B28: B1C3 | C28: GTP | D28: 1 | E28: =IF(ISNUMBER(SEARCH("CT",B28)), "CrossTransferStation[" & (Q$3 + COUNTIF($B$2:B28,"*CT*") - 1) & "]", IF( OR(ISNUMBER(SEARCH("TT",B28)), AND(ISNUMBER(SEARCH("C",B28)), NOT(ISNUMBER(SEARCH("CT",B28)))) ), "ConveyorStation[" & (Q$2 + COUNTIFS($B$2:B28,"*C*",$B$2:B28,"<>*CT*") + COUNTIF($B$2:B28,"*TT*") - 1) & "]", "")) -> ConveyorStation[153] | J28: CNV_Movimot_Drive[153] | K28: NO | L28: No | M28: No
A29: =IF(ISNUMBER(SEARCH("CT",B29)),"1"&MID(B29,2,FIND("CT",B29)-2)&RIGHT(B29,1),MID(B29,2,FIND("C",B29)-2)&RIGHT(B29,1)) -> 111 | B29: B1CT1 | C29: GTP | D29: 1 | E29: =IF(ISNUMBER(SEARCH("CT",B29)), "CrossTransferStation[" & (Q$3 + COUNTIF($B$2:B32,"*CT*") - 1) & "]", IF( OR(ISNUMBER(SEARCH("TT",B29)), AND(ISNUMBER(SEARCH("C",B29)), NOT(ISNUMBER(SEARCH("CT",B29)))) ), "ConveyorStation[" & (Q$2 + COUNTIFS($B$2:B32,"*C*",$B$2:B32,"<>*CT*") + COUNTIF($B$2:B32,"*TT*") - 1) & "]", "")) -> CrossTransferStation[62] | F29: Decision[59] | J29: CT_Movifit_Drive[62] CT_Moviswitch_Drive[62] CT_SP_Barcode_Scanner[62] | K29: yes | L29: Yes | M29: Yes
B30: B87,B88,B89,B90,B91,B96 | C30: GTP | D30: 1 | E30: GTP_Branch_Error_Manager[1]
B31: B92,B93,B94,B95 | C31: GTP | D31: 1 | E31: GTP_Branch_Error_Manager[2]
B32: B1,B165 | C32: GTP | D32: 1 | E32: GTP_Branch_Error_Manager[3]

Sheet EZ3 Outbound
A1: ID | B1: Name | C1: PLC ID | D1: Zone ID | E1: Functionality 1 with Array Index | F1: Functionality 2 with Array Index | G1: Functionality 3 with Array Index | H1: Functionality 4 with Array Index | I1: Functionality 5 with Array Index | J1: Functionality Logging purpose only | K1: Barcode Present (Yes/No) | L1: Source requirement | M1: Destination requirement | N1: Remarks
A2: =IF(ISNUMBER(SEARCH("CT",B2)),"1"&MID(B2,2,FIND("CT",B2)-2)&RIGHT(B2,1),MID(B2,2,FIND("C",B2)-2)&RIGHT(B2,1)) -> 21 | B2: B2C1 | C2: Outbound | D2: 1 | E2: =IF(ISNUMBER(SEARCH("CT",B2)), "CrossTransferStation[" & (Q$3 + COUNTIF($B$2:B2,"*CT*") - 1) & "]", IF( OR(ISNUMBER(SEARCH("TT",B2)), AND(ISNUMBER(SEARCH("C",B2)), NOT(ISNUMBER(SEARCH("CT",B2)))) ), "ConveyorStation[" & (Q$2 + COUNTIFS($B$2:B2,"*C*",$B$2:B2,"<>*CT*") + COUNTIF($B$2:B2,"*TT*") - 1) & "]", "")) -> ConveyorStation[164] | F2: StackDestackStation[28] | J2: CNV_Movimot_Drive[164] STR_Lifter_Movimot_Drive[164] STR_Gripper_Movimot_Drive[164] | L2: Yes | M2: Yes | P2: CNC Start No | Q2: 164
A3: =IF(ISNUMBER(SEARCH("CT",B3)),"1"&MID(B3,2,FIND("CT",B3)-2)&RIGHT(B3,1),MID(B3,2,FIND("C",B3)-2)&RIGHT(B3,1)) -> 22 | B3: B2C2 | C3: Outbound | D3: 1 | E3: =IF(ISNUMBER(SEARCH("CT",B3)), "CrossTransferStation[" & (Q$3 + COUNTIF($B$2:B3,"*CT*") - 1) & "]", IF( OR(ISNUMBER(SEARCH("TT",B3)), AND(ISNUMBER(SEARCH("C",B3)), NOT(ISNUMBER(SEARCH("CT",B3)))) ), "ConveyorStation[" & (Q$2 + COUNTIFS($B$2:B3,"*C*",$B$2:B3,"<>*CT*") + COUNTIF($B$2:B3,"*TT*") - 1) & "]", "")) -> ConveyorStation[165] | F3: StackDestackStation[29] | J3: CNV_Movimot_Drive[165] STR_Lifter_Movimot_Drive[165] STR_Gripper_Movimot_Drive[165] | L3: Yes | M3: Yes | P3: CT Start No | Q3: 73
A4: =IF(ISNUMBER(SEARCH("CT",B4)),"1"&MID(B4,2,FIND("CT",B4)-2)&RIGHT(B4,1),MID(B4,2,FIND("C",B4)-2)&RIGHT(B4,1)) -> 121 | B4: B2CT1 | C4: Outbound | D4: 1 | E4: =IF(ISNUMBER(SEARCH("CT",B4)), "CrossTransferStation[" & (Q$3 + COUNTIF($B$2:B4,"*CT*") - 1) & "]", IF( OR(ISNUMBER(SEARCH("TT",B4)), AND(ISNUMBER(SEARCH("C",B4)), NOT(ISNUMBER(SEARCH("CT",B4)))) ), "ConveyorStation[" & (Q$2 + COUNTIFS($B$2:B4,"*C*",$B$2:B4,"<>*CT*") + COUNTIF($B$2:B4,"*TT*") - 1) & "]", "")) -> CrossTransferStation[73] | F4: Decision[71] | J4: CT_Movifit_Drive[73] CT_Moviswitch_Drive[73] CT_SP_Barcode_Scanner[73] | K4: yes | L4: Yes | M4: Yes
A5: =IF(ISNUMBER(SEARCH("CT",B5)),"1"&MID(B5,2,FIND("CT",B5)-2)&RIGHT(B5,1),MID(B5,2,FIND("C",B5)-2)&RIGHT(B5,1)) -> 1161 | B5: B116C1 | C5: Outbound | D5: 1 | E5: =IF(ISNUMBER(SEARCH("CT",B5)), "CrossTransferStation[" & (Q$3 + COUNTIF($B$2:B5,"*CT*") - 1) & "]", IF( OR(ISNUMBER(SEARCH("TT",B5)), AND(ISNUMBER(SEARCH("C",B5)), NOT(ISNUMBER(SEARCH("CT",B5)))) ), "ConveyorStation[" & (Q$2 + COUNTIFS($B$2:B5,"*C*",$B$2:B5,"<>*CT*") + COUNTIF($B$2:B5,"*TT*") - 1) & "]", "")) -> ConveyorStation[166] | J5: CNV_Movimot_Drive[166] | L5: No | M5: No
A6: =IF(ISNUMBER(SEARCH("CT",B6)),"1"&MID(B6,2,FIND("CT",B6)-2)&RIGHT(B6,1),MID(B6,2,FIND("C",B6)-2)&RIGHT(B6,1)) -> 1162 | B6: B116C2 | C6: Outbound | D6: 1 | E6: =IF(ISNUMBER(SEARCH("CT",B6)), "CrossTransferStation[" & (Q$3 + COUNTIF($B$2:B6,"*CT*") - 1) & "]", IF( OR(ISNUMBER(SEARCH("TT",B6)), AND(ISNUMBER(SEARCH("C",B6)), NOT(ISNUMBER(SEARCH("CT",B6)))) ), "ConveyorStation[" & (Q$2 + COUNTIFS($B$2:B6,"*C*",$B$2:B6,"<>*CT*") + COUNTIF($B$2:B6,"*TT*") - 1) & "]", "")) -> ConveyorStation[167] | F6: UnloadingStation[57] | J6: CNV_Movimot_Drive[167] | L6: No | M6: Yes | P6: Name | Q6: Min | R6: Max | S6: No of Spare | T6: Next Stn No
A7: =IF(ISNUMBER(SEARCH("CT",B7)),"1"&MID(B7,2,FIND("CT",B7)-2)&RIGHT(B7,1),MID(B7,2,FIND("C",B7)-2)&RIGHT(B7,1)) -> 1163 | B7: B116C3 | C7: Outbound | D7: 1 | E7: =IF(ISNUMBER(SEARCH("CT",B7)), "CrossTransferStation[" & (Q$3 + COUNTIF($B$2:B7,"*CT*") - 1) & "]", IF( OR(ISNUMBER(SEARCH("TT",B7)), AND(ISNUMBER(SEARCH("C",B7)), NOT(ISNUMBER(SEARCH("CT",B7)))) ), "ConveyorStation[" & (Q$2 + COUNTIFS($B$2:B7,"*C*",$B$2:B7,"<>*CT*") + COUNTIF($B$2:B7,"*TT*") - 1) & "]", "")) -> ConveyorStation[168] | F7: LoadingStation[42] | J7: CNV_Movimot_Drive[168] | L7: Yes | M7: No | P7: ConveyorStation | Q7: 164 | R7: 194 | S7: 10 | T7: =SUM(R7:S7)+1 -> 205 | U7: =T7-S7-Q7 -> 31
A8: =IF(ISNUMBER(SEARCH("CT",B8)),"1"&MID(B8,2,FIND("CT",B8)-2)&RIGHT(B8,1),MID(B8,2,FIND("C",B8)-2)&RIGHT(B8,1)) -> 1164 | B8: B116C4 | C8: Outbound | D8: 1 | E8: =IF(ISNUMBER(SEARCH("CT",B8)), "CrossTransferStation[" & (Q$3 + COUNTIF($B$2:B8,"*CT*") - 1) & "]", IF( OR(ISNUMBER(SEARCH("TT",B8)), AND(ISNUMBER(SEARCH("C",B8)), NOT(ISNUMBER(SEARCH("CT",B8)))) ), "ConveyorStation[" & (Q$2 + COUNTIFS($B$2:B8,"*C*",$B$2:B8,"<>*CT*") + COUNTIF($B$2:B8,"*TT*") - 1) & "]", "")) -> ConveyorStation[169] | J8: CNV_Movimot_Drive[169] | L8: No | M8: No | P8: CrossTransferStation | Q8: 73 | R8: 81 | S8: 10 | T8: =SUM(R8:S8)+1 -> 92 | U8: =T8-S8-Q8 -> 9
A9: =IF(ISNUMBER(SEARCH("CT",B9)),"1"&MID(B9,2,FIND("CT",B9)-2)&RIGHT(B9,1),MID(B9,2,FIND("C",B9)-2)&RIGHT(B9,1)) -> 11161 | B9: B116CT1 | C9: Outbound | D9: 1 | E9: =IF(ISNUMBER(SEARCH("CT",B9)), "CrossTransferStation[" & (Q$3 + COUNTIF($B$2:B9,"*CT*") - 1) & "]", IF( OR(ISNUMBER(SEARCH("TT",B9)), AND(ISNUMBER(SEARCH("C",B9)), NOT(ISNUMBER(SEARCH("CT",B9)))) ), "ConveyorStation[" & (Q$2 + COUNTIFS($B$2:B9,"*C*",$B$2:B9,"<>*CT*") + COUNTIF($B$2:B9,"*TT*") - 1) & "]", "")) -> CrossTransferStation[74] | F9: Decision[72] | J9: CT_Movifit_Drive[74] CT_Moviswitch_Drive[74] | L9: Yes | M9: Yes | P9: Decision | Q9: 71 | R9: 79 | S9: 10 | T9: =SUM(R9:S9)+1 -> 90 | U9: =T9-S9-Q9 -> 9
A10: =IF(ISNUMBER(SEARCH("CT",B10)),"1"&MID(B10,2,FIND("CT",B10)-2)&RIGHT(B10,1),MID(B10,2,FIND("C",B10)-2)&RIGHT(B10,1)) -> 231 | B10: B23C1 | C10: Outbound | D10: 1 | E10: =IF(ISNUMBER(SEARCH("CT",B10)), "CrossTransferStation[" & (Q$3 + COUNTIF($B$2:B10,"*CT*") - 1) & "]", IF( OR(ISNUMBER(SEARCH("TT",B10)), AND(ISNUMBER(SEARCH("C",B10)), NOT(ISNUMBER(SEARCH("CT",B10)))) ), "ConveyorStation[" & (Q$2 + COUNTIFS($B$2:B10,"*C*",$B$2:B10,"<>*CT*") + COUNTIF($B$2:B10,"*TT*") - 1) & "]", "")) -> ConveyorStation[170] | F10: UnloadingStation[58] | G10: LoadingStation[43] | H10: Zone[12] | J10: CNV_Movimot_Drive[170] | L10: Yes | M10: Yes | N10: if zone function as loading selected then source required, destination not required. If zone function as unloading selected then source not required, destination is required | P10: LoadingStation | Q10: 42 | R10: 50 | S10: 10 | T10: =SUM(R10:S10)+1 -> 61 | U10: =T10-S10-Q10 -> 9
A11: =IF(ISNUMBER(SEARCH("CT",B11)),"1"&MID(B11,2,FIND("CT",B11)-2)&RIGHT(B11,1),MID(B11,2,FIND("C",B11)-2)&RIGHT(B11,1)) -> 232 | B11: B23C2 | C11: Outbound | D11: 1 | E11: =IF(ISNUMBER(SEARCH("CT",B11)), "CrossTransferStation[" & (Q$3 + COUNTIF($B$2:B11,"*CT*") - 1) & "]", IF( OR(ISNUMBER(SEARCH("TT",B11)), AND(ISNUMBER(SEARCH("C",B11)), NOT(ISNUMBER(SEARCH("CT",B11)))) ), "ConveyorStation[" & (Q$2 + COUNTIFS($B$2:B11,"*C*",$B$2:B11,"<>*CT*") + COUNTIF($B$2:B11,"*TT*") - 1) & "]", "")) -> ConveyorStation[171] | F11: LoadingStation[44] | J11: CNV_Movimot_Drive[171] | L11: Yes | M11: No | P11: UnloadingStation | Q11: 57 | R11: 67 | S11: 10 | T11: =SUM(R11:S11)+1 -> 78 | U11: =T11-S11-Q11 -> 11
A12: =IF(ISNUMBER(SEARCH("CT",B12)),"1"&MID(B12,2,FIND("CT",B12)-2)&RIGHT(B12,1),MID(B12,2,FIND("C",B12)-2)&RIGHT(B12,1)) -> 233 | B12: B23C3 | C12: Outbound | D12: 1 | E12: =IF(ISNUMBER(SEARCH("CT",B12)), "CrossTransferStation[" & (Q$3 + COUNTIF($B$2:B12,"*CT*") - 1) & "]", IF( OR(ISNUMBER(SEARCH("TT",B12)), AND(ISNUMBER(SEARCH("C",B12)), NOT(ISNUMBER(SEARCH("CT",B12)))) ), "ConveyorStation[" & (Q$2 + COUNTIFS($B$2:B12,"*C*",$B$2:B12,"<>*CT*") + COUNTIF($B$2:B12,"*TT*") - 1) & "]", "")) -> ConveyorStation[172] | J12: CNV_Movimot_Drive[172] | L12: No | M12: No | P12: StackDestackStation | Q12: 28 | R12: 31 | S12: 10 | T12: =SUM(R12:S12)+1 -> 42 | U12: =T12-S12-Q12 -> 4
A13: =IF(ISNUMBER(SEARCH("CT",B13)),"1"&MID(B13,2,FIND("CT",B13)-2)&RIGHT(B13,1),MID(B13,2,FIND("C",B13)-2)&RIGHT(B13,1)) -> 1231 | B13: B23CT1 | C13: Outbound | D13: 1 | E13: =IF(ISNUMBER(SEARCH("CT",B13)), "CrossTransferStation[" & (Q$3 + COUNTIF($B$2:B13,"*CT*") - 1) & "]", IF( OR(ISNUMBER(SEARCH("TT",B13)), AND(ISNUMBER(SEARCH("C",B13)), NOT(ISNUMBER(SEARCH("CT",B13)))) ), "ConveyorStation[" & (Q$2 + COUNTIFS($B$2:B13,"*C*",$B$2:B13,"<>*CT*") + COUNTIF($B$2:B13,"*TT*") - 1) & "]", "")) -> CrossTransferStation[75] | F13: Decision[73] | J13: CT_Movifit_Drive[75] CT_Moviswitch_Drive[75] CT_SP_Barcode_Scanner[75] | K13: yes | L13: Yes | M13: Yes | P13: ProfileCheckStation | Q13: 12 | R13: 12 | S13: 10 | T13: =SUM(R13:S13)+1 -> 23 | U13: =T13-S13-Q13 -> 1
A14: =IF(ISNUMBER(SEARCH("CT",B14)),"1"&MID(B14,2,FIND("CT",B14)-2)&RIGHT(B14,1),MID(B14,2,FIND("C",B14)-2)&RIGHT(B14,1)) -> 241 | B14: B24C1 | C14: Outbound | D14: 1 | E14: =IF(ISNUMBER(SEARCH("CT",B14)), "CrossTransferStation[" & (Q$3 + COUNTIF($B$2:B14,"*CT*") - 1) & "]", IF( OR(ISNUMBER(SEARCH("TT",B14)), AND(ISNUMBER(SEARCH("C",B14)), NOT(ISNUMBER(SEARCH("CT",B14)))) ), "ConveyorStation[" & (Q$2 + COUNTIFS($B$2:B14,"*C*",$B$2:B14,"<>*CT*") + COUNTIF($B$2:B14,"*TT*") - 1) & "]", "")) -> ConveyorStation[173] | F14: UnloadingStation[59] | G14: LoadingStation[45] | H14: Zone[13] | J14: CNV_Movimot_Drive[173] | L14: Yes | M14: Yes | N14: if zone function as loading selected then source required, destination not required. If zone function as unloading selected then source not required, destination is required | P14: TurnTableStation | T14: ='EZ10 GTP'!T14 -> 13
A15: =IF(ISNUMBER(SEARCH("CT",B15)),"1"&MID(B15,2,FIND("CT",B15)-2)&RIGHT(B15,1),MID(B15,2,FIND("C",B15)-2)&RIGHT(B15,1)) -> 242 | B15: B24C2 | C15: Outbound | D15: 1 | E15: =IF(ISNUMBER(SEARCH("CT",B15)), "CrossTransferStation[" & (Q$3 + COUNTIF($B$2:B15,"*CT*") - 1) & "]", IF( OR(ISNUMBER(SEARCH("TT",B15)), AND(ISNUMBER(SEARCH("C",B15)), NOT(ISNUMBER(SEARCH("CT",B15)))) ), "ConveyorStation[" & (Q$2 + COUNTIFS($B$2:B15,"*C*",$B$2:B15,"<>*CT*") + COUNTIF($B$2:B15,"*TT*") - 1) & "]", "")) -> ConveyorStation[174] | F15: LoadingStation[46] | J15: CNV_Movimot_Drive[174] | L15: Yes | M15: No | P15: LabellingStation | Q15: 12 | R15: 12 | S15: 10 | T15: =SUM(R15:S15)+1 -> 23 | U15: =T15-S15-Q15 -> 1
A16: =IF(ISNUMBER(SEARCH("CT",B16)),"1"&MID(B16,2,FIND("CT",B16)-2)&RIGHT(B16,1),MID(B16,2,FIND("C",B16)-2)&RIGHT(B16,1)) -> 243 | B16: B24C3 | C16: Outbound | D16: 1 | E16: =IF(ISNUMBER(SEARCH("CT",B16)), "CrossTransferStation[" & (Q$3 + COUNTIF($B$2:B16,"*CT*") - 1) & "]", IF( OR(ISNUMBER(SEARCH("TT",B16)), AND(ISNUMBER(SEARCH("C",B16)), NOT(ISNUMBER(SEARCH("CT",B16)))) ), "ConveyorStation[" & (Q$2 + COUNTIFS($B$2:B16,"*C*",$B$2:B16,"<>*CT*") + COUNTIF($B$2:B16,"*TT*") - 1) & "]", "")) -> ConveyorStation[175] | J16: CNV_Movimot_Drive[175] | L16: No | M16: No | P16: WrappingStation | Q16: 12 | R16: 12 | S16: 10 | T16: =SUM(R16:S16)+1 -> 23 | U16: =T16-S16-Q16 -> 1
A17: =IF(ISNUMBER(SEARCH("CT",B17)),"1"&MID(B17,2,FIND("CT",B17)-2)&RIGHT(B17,1),MID(B17,2,FIND("C",B17)-2)&RIGHT(B17,1)) -> 1241 | B17: B24CT1 | C17: Outbound | D17: 1 | E17: =IF(ISNUMBER(SEARCH("CT",B17)), "CrossTransferStation[" & (Q$3 + COUNTIF($B$2:B17,"*CT*") - 1) & "]", IF( OR(ISNUMBER(SEARCH("TT",B17)), AND(ISNUMBER(SEARCH("C",B17)), NOT(ISNUMBER(SEARCH("CT",B17)))) ), "ConveyorStation[" & (Q$2 + COUNTIFS($B$2:B17,"*C*",$B$2:B17,"<>*CT*") + COUNTIF($B$2:B17,"*TT*") - 1) & "]", "")) -> CrossTransferStation[76] | F17: Decision[74] | J17: CT_Movifit_Drive[76] CT_Moviswitch_Drive[76] CT_SP_Barcode_Scanner[76] | K17: yes | L17: Yes | M17: Yes | P17: Zone | Q17: 12 | R17: 15 | S17: 10 | T17: =SUM(R17:S17)+1 -> 26 | U17: =T17-S17-Q17 -> 4
A18: =IF(ISNUMBER(SEARCH("CT",B18)),"1"&MID(B18,2,FIND("CT",B18)-2)&RIGHT(B18,1),MID(B18,2,FIND("C",B18)-2)&RIGHT(B18,1)) -> 251 | B18: B25C1 | C18: Outbound | D18: 1 | E18: =IF(ISNUMBER(SEARCH("CT",B18)), "CrossTransferStation[" & (Q$3 + COUNTIF($B$2:B18,"*CT*") - 1) & "]", IF( OR(ISNUMBER(SEARCH("TT",B18)), AND(ISNUMBER(SEARCH("C",B18)), NOT(ISNUMBER(SEARCH("CT",B18)))) ), "ConveyorStation[" & (Q$2 + COUNTIFS($B$2:B18,"*C*",$B$2:B18,"<>*CT*") + COUNTIF($B$2:B18,"*TT*") - 1) & "]", "")) -> ConveyorStation[176] | F18: UnloadingStation[60] | G18: LoadingStation[47] | H18: Zone[14] | J18: CNV_Movimot_Drive[176] | L18: Yes | M18: Yes | N18: if zone function as loading selected then source required, destination not required. If zone function as unloading selected then source not required, destination is required
A19: =IF(ISNUMBER(SEARCH("CT",B19)),"1"&MID(B19,2,FIND("CT",B19)-2)&RIGHT(B19,1),MID(B19,2,FIND("C",B19)-2)&RIGHT(B19,1)) -> 252 | B19: B25C2 | C19: Outbound | D19: 1 | E19: =IF(ISNUMBER(SEARCH("CT",B19)), "CrossTransferStation[" & (Q$3 + COUNTIF($B$2:B19,"*CT*") - 1) & "]", IF( OR(ISNUMBER(SEARCH("TT",B19)), AND(ISNUMBER(SEARCH("C",B19)), NOT(ISNUMBER(SEARCH("CT",B19)))) ), "ConveyorStation[" & (Q$2 + COUNTIFS($B$2:B19,"*C*",$B$2:B19,"<>*CT*") + COUNTIF($B$2:B19,"*TT*") - 1) & "]", "")) -> ConveyorStation[177] | F19: LoadingStation[48] | J19: CNV_Movimot_Drive[177] | L19: Yes | M19: No
A20: =IF(ISNUMBER(SEARCH("CT",B20)),"1"&MID(B20,2,FIND("CT",B20)-2)&RIGHT(B20,1),MID(B20,2,FIND("C",B20)-2)&RIGHT(B20,1)) -> 253 | B20: B25C3 | C20: Outbound | D20: 1 | E20: =IF(ISNUMBER(SEARCH("CT",B20)), "CrossTransferStation[" & (Q$3 + COUNTIF($B$2:B20,"*CT*") - 1) & "]", IF( OR(ISNUMBER(SEARCH("TT",B20)), AND(ISNUMBER(SEARCH("C",B20)), NOT(ISNUMBER(SEARCH("CT",B20)))) ), "ConveyorStation[" & (Q$2 + COUNTIFS($B$2:B20,"*C*",$B$2:B20,"<>*CT*") + COUNTIF($B$2:B20,"*TT*") - 1) & "]", "")) -> ConveyorStation[178] | J20: CNV_Movimot_Drive[178] | L20: No | M20: No
A21: =IF(ISNUMBER(SEARCH("CT",B21)),"1"&MID(B21,2,FIND("CT",B21)-2)&RIGHT(B21,1),MID(B21,2,FIND("C",B21)-2)&RIGHT(B21,1)) -> 1251 | B21: B25CT1 | C21: Outbound | D21: 1 | E21: =IF(ISNUMBER(SEARCH("CT",B21)), "CrossTransferStation[" & (Q$3 + COUNTIF($B$2:B21,"*CT*") - 1) & "]", IF( OR(ISNUMBER(SEARCH("TT",B21)), AND(ISNUMBER(SEARCH("C",B21)), NOT(ISNUMBER(SEARCH("CT",B21)))) ), "ConveyorStation[" & (Q$2 + COUNTIFS($B$2:B21,"*C*",$B$2:B21,"<>*CT*") + COUNTIF($B$2:B21,"*TT*") - 1) & "]", "")) -> CrossTransferStation[77] | F21: Decision[75] | J21: CT_Movifit_Drive[77] CT_Moviswitch_Drive[77] CT_SP_Barcode_Scanner[77] | K21: yes | L21: Yes | M21: Yes
A22: =IF(ISNUMBER(SEARCH("CT",B22)),"1"&MID(B22,2,FIND("CT",B22)-2)&RIGHT(B22,1),MID(B22,2,FIND("C",B22)-2)&RIGHT(B22,1)) -> 261 | B22: B26C1 | C22: Outbound | D22: 1 | E22: =IF(ISNUMBER(SEARCH("CT",B22)), "CrossTransferStation[" & (Q$3 + COUNTIF($B$2:B22,"*CT*") - 1) & "]", IF( OR(ISNUMBER(SEARCH("TT",B22)), AND(ISNUMBER(SEARCH("C",B22)), NOT(ISNUMBER(SEARCH("CT",B22)))) ), "ConveyorStation[" & (Q$2 + COUNTIFS($B$2:B22,"*C*",$B$2:B22,"<>*CT*") + COUNTIF($B$2:B22,"*TT*") - 1) & "]", "")) -> ConveyorStation[179] | F22: UnloadingStation[61] | G22: LoadingStation[49] | H22: Zone[15] | J22: CNV_Movimot_Drive[179] | L22: Yes | M22: Yes | N22: if zone function as loading selected then source required, destination not required. If zone function as unloading selected then source not required, destination is required
A23: =IF(ISNUMBER(SEARCH("CT",B23)),"1"&MID(B23,2,FIND("CT",B23)-2)&RIGHT(B23,1),MID(B23,2,FIND("C",B23)-2)&RIGHT(B23,1)) -> 262 | B23: B26C2 | C23: Outbound | D23: 1 | E23: =IF(ISNUMBER(SEARCH("CT",B23)), "CrossTransferStation[" & (Q$3 + COUNTIF($B$2:B23,"*CT*") - 1) & "]", IF( OR(ISNUMBER(SEARCH("TT",B23)), AND(ISNUMBER(SEARCH("C",B23)), NOT(ISNUMBER(SEARCH("CT",B23)))) ), "ConveyorStation[" & (Q$2 + COUNTIFS($B$2:B23,"*C*",$B$2:B23,"<>*CT*") + COUNTIF($B$2:B23,"*TT*") - 1) & "]", "")) -> ConveyorStation[180] | F23: LoadingStation[50] | J23: CNV_Movimot_Drive[180] | L23: Yes | M23: No
A24: =IF(ISNUMBER(SEARCH("CT",B24)),"1"&MID(B24,2,FIND("CT",B24)-2)&RIGHT(B24,1),MID(B24,2,FIND("C",B24)-2)&RIGHT(B24,1)) -> 263 | B24: B26C3 | C24: Outbound | D24: 1 | E24: =IF(ISNUMBER(SEARCH("CT",B24)), "CrossTransferStation[" & (Q$3 + COUNTIF($B$2:B24,"*CT*") - 1) & "]", IF( OR(ISNUMBER(SEARCH("TT",B24)), AND(ISNUMBER(SEARCH("C",B24)), NOT(ISNUMBER(SEARCH("CT",B24)))) ), "ConveyorStation[" & (Q$2 + COUNTIFS($B$2:B24,"*C*",$B$2:B24,"<>*CT*") + COUNTIF($B$2:B24,"*TT*") - 1) & "]", "")) -> ConveyorStation[181] | F24: ProfileCheckStation[12] | J24: CNV_VP_Barcode_Scanner[181] CNV_VP_Barcode_Scanner[182] CNV_SP_Barcode_Scanner[181] CNV_Movimot_Drive[181] | L24: No | M24: Yes
A25: =IF(ISNUMBER(SEARCH("CT",B25)),"1"&MID(B25,2,FIND("CT",B25)-2)&RIGHT(B25,1),MID(B25,2,FIND("C",B25)-2)&RIGHT(B25,1)) -> 264 | B25: B26C4 | C25: Outbound | D25: 1 | E25: =IF(ISNUMBER(SEARCH("CT",B25)), "CrossTransferStation[" & (Q$3 + COUNTIF($B$2:B25,"*CT*") - 1) & "]", IF( OR(ISNUMBER(SEARCH("TT",B25)), AND(ISNUMBER(SEARCH("C",B25)), NOT(ISNUMBER(SEARCH("CT",B25)))) ), "ConveyorStation[" & (Q$2 + COUNTIFS($B$2:B25,"*C*",$B$2:B25,"<>*CT*") + COUNTIF($B$2:B25,"*TT*") - 1) & "]", "")) -> ConveyorStation[182] | F25: UnloadingStation[62] | J25: CNV_Movimot_Drive[182] | L25: No | M25: Yes
A26: =IF(ISNUMBER(SEARCH("CT",B26)),"1"&MID(B26,2,FIND("CT",B26)-2)&RIGHT(B26,1),MID(B26,2,FIND("C",B26)-2)&RIGHT(B26,1)) -> 265 | B26: B26C5 | C26: Outbound | D26: 1 | E26: =IF(ISNUMBER(SEARCH("CT",B26)), "CrossTransferStation[" & (Q$3 + COUNTIF($B$2:B26,"*CT*") - 1) & "]", IF( OR(ISNUMBER(SEARCH("TT",B26)), AND(ISNUMBER(SEARCH("C",B26)), NOT(ISNUMBER(SEARCH("CT",B26)))) ), "ConveyorStation[" & (Q$2 + COUNTIFS($B$2:B26,"*C*",$B$2:B26,"<>*CT*") + COUNTIF($B$2:B26,"*TT*") - 1) & "]", "")) -> ConveyorStation[183] | F26: UnloadingStation[63] | J26: CNV_Movimot_Drive[183] | L26: No | M26: Yes
A27: =IF(ISNUMBER(SEARCH("CT",B27)),"1"&MID(B27,2,FIND("CT",B27)-2)&RIGHT(B27,1),MID(B27,2,FIND("C",B27)-2)&RIGHT(B27,1)) -> 1261 | B27: B26CT1 | C27: Outbound | D27: 1 | E27: =IF(ISNUMBER(SEARCH("CT",B27)), "CrossTransferStation[" & (Q$3 + COUNTIF($B$2:B27,"*CT*") - 1) & "]", IF( OR(ISNUMBER(SEARCH("TT",B27)), AND(ISNUMBER(SEARCH("C",B27)), NOT(ISNUMBER(SEARCH("CT",B27)))) ), "ConveyorStation[" & (Q$2 + COUNTIFS($B$2:B27,"*C*",$B$2:B27,"<>*CT*") + COUNTIF($B$2:B27,"*TT*") - 1) & "]", "")) -> CrossTransferStation[78] | F27: Decision[76] | J27: CT_Movifit_Drive[78] CT_Moviswitch_Drive[78] CT_SP_Barcode_Scanner[78] | K27: yes | L27: Yes | M27: Yes
A28: =IF(ISNUMBER(SEARCH("CT",B28)),"1"&MID(B28,2,FIND("CT",B28)-2)&RIGHT(B28,1),MID(B28,2,FIND("C",B28)-2)&RIGHT(B28,1)) -> 1262 | B28: B26CT2 | C28: Outbound | D28: 1 | E28: =IF(ISNUMBER(SEARCH("CT",B28)), "CrossTransferStation[" & (Q$3 + COUNTIF($B$2:B28,"*CT*") - 1) & "]", IF( OR(ISNUMBER(SEARCH("TT",B28)), AND(ISNUMBER(SEARCH("C",B28)), NOT(ISNUMBER(SEARCH("CT",B28)))) ), "ConveyorStation[" & (Q$2 + COUNTIFS($B$2:B28,"*C*",$B$2:B28,"<>*CT*") + COUNTIF($B$2:B28,"*TT*") - 1) & "]", "")) -> CrossTransferStation[79] | F28: Decision[77] | J28: CT_Movifit_Drive[79] CT_Moviswitch_Drive[79] | L28: No | M28: Yes
A29: =IF(ISNUMBER(SEARCH("CT",B29)),"1"&MID(B29,2,FIND("CT",B29)-2)&RIGHT(B29,1),MID(B29,2,FIND("C",B29)-2)&RIGHT(B29,1)) -> 271 | B29: B27C1 | C29: Outbound | D29: 1 | E29: =IF(ISNUMBER(SEARCH("CT",B29)), "CrossTransferStation[" & (Q$3 + COUNTIF($B$2:B29,"*CT*") - 1) & "]", IF( OR(ISNUMBER(SEARCH("TT",B29)), AND(ISNUMBER(SEARCH("C",B29)), NOT(ISNUMBER(SEARCH("CT",B29)))) ), "ConveyorStation[" & (Q$2 + COUNTIFS($B$2:B29,"*C*",$B$2:B29,"<>*CT*") + COUNTIF($B$2:B29,"*TT*") - 1) & "]", "")) -> ConveyorStation[184] | F29: LabellingStation[12] | J29: Labelling_ScannerOP[12] CNV_SP_Barcode_Scanner[184] CNV_Movimot_Drive[184] | K29: yes | L29: No | M29: Yes
A30: =IF(ISNUMBER(SEARCH("CT",B30)),"1"&MID(B30,2,FIND("CT",B30)-2)&RIGHT(B30,1),MID(B30,2,FIND("C",B30)-2)&RIGHT(B30,1)) -> 272 | B30: B27C2 | C30: Outbound | D30: 1 | E30: =IF(ISNUMBER(SEARCH("CT",B30)), "CrossTransferStation[" & (Q$3 + COUNTIF($B$2:B30,"*CT*") - 1) & "]", IF( OR(ISNUMBER(SEARCH("TT",B30)), AND(ISNUMBER(SEARCH("C",B30)), NOT(ISNUMBER(SEARCH("CT",B30)))) ), "ConveyorStation[" & (Q$2 + COUNTIFS($B$2:B30,"*C*",$B$2:B30,"<>*CT*") + COUNTIF($B$2:B30,"*TT*") - 1) & "]", "")) -> ConveyorStation[185] | J30: CNV_Movimot_Drive[185] | L30: No | M30: No
A31: =IF(ISNUMBER(SEARCH("CT",B31)),"1"&MID(B31,2,FIND("CT",B31)-2)&RIGHT(B31,1),MID(B31,2,FIND("C",B31)-2)&RIGHT(B31,1)) -> 273 | B31: B27C3 | C31: Outbound | D31: 1 | E31: =IF(ISNUMBER(SEARCH("CT",B31)), "CrossTransferStation[" & (Q$3 + COUNTIF($B$2:B31,"*CT*") - 1) & "]", IF( OR(ISNUMBER(SEARCH("TT",B31)), AND(ISNUMBER(SEARCH("C",B31)), NOT(ISNUMBER(SEARCH("CT",B31)))) ), "ConveyorStation[" & (Q$2 + COUNTIFS($B$2:B31,"*C*",$B$2:B31,"<>*CT*") + COUNTIF($B$2:B31,"*TT*") - 1) & "]", "")) -> ConveyorStation[186] | F31: WrappingStation[12] | J31: CNV_Movimot_Drive[186] | L31: No | M31: Yes
A32: =IF(ISNUMBER(SEARCH("CT",B32)),"1"&MID(B32,2,FIND("CT",B32)-2)&RIGHT(B32,1),MID(B32,2,FIND("C",B32)-2)&RIGHT(B32,1)) -> 274 | B32: B27C4 | C32: Outbound | D32: 1 | E32: =IF(ISNUMBER(SEARCH("CT",B32)), "CrossTransferStation[" & (Q$3 + COUNTIF($B$2:B32,"*CT*") - 1) & "]", IF( OR(ISNUMBER(SEARCH("TT",B32)), AND(ISNUMBER(SEARCH("C",B32)), NOT(ISNUMBER(SEARCH("CT",B32)))) ), "ConveyorStation[" & (Q$2 + COUNTIFS($B$2:B32,"*C*",$B$2:B32,"<>*CT*") + COUNTIF($B$2:B32,"*TT*") - 1) & "]", "")) -> ConveyorStation[187] | J32: CNV_Movimot_Drive[187] | L32: No | M32: No
A33: =IF(ISNUMBER(SEARCH("CT",B33)),"1"&MID(B33,2,FIND("CT",B33)-2)&RIGHT(B33,1),MID(B33,2,FIND("C",B33)-2)&RIGHT(B33,1)) -> 281 | B33: B28C1 | C33: Outbound | D33: 1 | E33: =IF(ISNUMBER(SEARCH("CT",B33)), "CrossTransferStation[" & (Q$3 + COUNTIF($B$2:B33,"*CT*") - 1) & "]", IF( OR(ISNUMBER(SEARCH("TT",B33)), AND(ISNUMBER(SEARCH("C",B33)), NOT(ISNUMBER(SEARCH("CT",B33)))) ), "ConveyorStation[" & (Q$2 + COUNTIFS($B$2:B33,"*C*",$B$2:B33,"<>*CT*") + COUNTIF($B$2:B33,"*TT*") - 1) & "]", "")) -> ConveyorStation[188] | F33: UnloadingStation[64] | J33: CNV_Movimot_Drive[188] | L33: No | M33: Yes
A34: =IF(ISNUMBER(SEARCH("CT",B34)),"1"&MID(B34,2,FIND("CT",B34)-2)&RIGHT(B34,1),MID(B34,2,FIND("C",B34)-2)&RIGHT(B34,1)) -> 282 | B34: B28C2 | C34: Outbound | D34: 1 | E34: =IF(ISNUMBER(SEARCH("CT",B34)), "CrossTransferStation[" & (Q$3 + COUNTIF($B$2:B34,"*CT*") - 1) & "]", IF( OR(ISNUMBER(SEARCH("TT",B34)), AND(ISNUMBER(SEARCH("C",B34)), NOT(ISNUMBER(SEARCH("CT",B34)))) ), "ConveyorStation[" & (Q$2 + COUNTIFS($B$2:B34,"*C*",$B$2:B34,"<>*CT*") + COUNTIF($B$2:B34,"*TT*") - 1) & "]", "")) -> ConveyorStation[189] | F34: UnloadingStation[65] | J34: CNV_Movimot_Drive[189] | L34: No | M34: Yes
A35: =IF(ISNUMBER(SEARCH("CT",B35)),"1"&MID(B35,2,FIND("CT",B35)-2)&RIGHT(B35,1),MID(B35,2,FIND("C",B35)-2)&RIGHT(B35,1)) -> 1281 | B35: B28CT1 | C35: Outbound | D35: 1 | E35: =IF(ISNUMBER(SEARCH("CT",B35)), "CrossTransferStation[" & (Q$3 + COUNTIF($B$2:B35,"*CT*") - 1) & "]", IF( OR(ISNUMBER(SEARCH("TT",B35)), AND(ISNUMBER(SEARCH("C",B35)), NOT(ISNUMBER(SEARCH("CT",B35)))) ), "ConveyorStation[" & (Q$2 + COUNTIFS($B$2:B35,"*C*",$B$2:B35,"<>*CT*") + COUNTIF($B$2:B35,"*TT*") - 1) & "]", "")) -> CrossTransferStation[80] | F35: Decision[78] | J35: CT_Movifit_Drive[80] CT_Moviswitch_Drive[80] CT_SP_Barcode_Scanner[80] | K35: yes | L35: No | M35: Yes
A36: =IF(ISNUMBER(SEARCH("CT",B36)),"1"&MID(B36,2,FIND("CT",B36)-2)&RIGHT(B36,1),MID(B36,2,FIND("C",B36)-2)&RIGHT(B36,1)) -> 291 | B36: B29C1 | C36: Outbound | D36: 1 | E36: =IF(ISNUMBER(SEARCH("CT",B36)), "CrossTransferStation[" & (Q$3 + COUNTIF($B$2:B36,"*CT*") - 1) & "]", IF( OR(ISNUMBER(SEARCH("TT",B36)), AND(ISNUMBER(SEARCH("C",B36)), NOT(ISNUMBER(SEARCH("CT",B36)))) ), "ConveyorStation[" & (Q$2 + COUNTIFS($B$2:B36,"*C*",$B$2:B36,"<>*CT*") + COUNTIF($B$2:B36,"*TT*") - 1) & "]", "")) -> ConveyorStation[190] | J36: CNV_Movimot_Drive[190] | L36: No | M36: No
A37: =IF(ISNUMBER(SEARCH("CT",B37)),"1"&MID(B37,2,FIND("CT",B37)-2)&RIGHT(B37,1),MID(B37,2,FIND("C",B37)-2)&RIGHT(B37,1)) -> 292 | B37: B29C2 | C37: Outbound | D37: 1 | E37: =IF(ISNUMBER(SEARCH("CT",B37)), "CrossTransferStation[" & (Q$3 + COUNTIF($B$2:B37,"*CT*") - 1) & "]", IF( OR(ISNUMBER(SEARCH("TT",B37)), AND(ISNUMBER(SEARCH("C",B37)), NOT(ISNUMBER(SEARCH("CT",B37)))) ), "ConveyorStation[" & (Q$2 + COUNTIFS($B$2:B37,"*C*",$B$2:B37,"<>*CT*") + COUNTIF($B$2:B37,"*TT*") - 1) & "]", "")) -> ConveyorStation[191] | F37: UnloadingStation[66] | J37: CNV_Movimot_Drive[191] | L37: No | M37: Yes
A38: =IF(ISNUMBER(SEARCH("CT",B38)),"1"&MID(B38,2,FIND("CT",B38)-2)&RIGHT(B38,1),MID(B38,2,FIND("C",B38)-2)&RIGHT(B38,1)) -> 293 | B38: B29C3 | C38: Outbound | D38: 1 | E38: =IF(ISNUMBER(SEARCH("CT",B38)), "CrossTransferStation[" & (Q$3 + COUNTIF($B$2:B38,"*CT*") - 1) & "]", IF( OR(ISNUMBER(SEARCH("TT",B38)), AND(ISNUMBER(SEARCH("C",B38)), NOT(ISNUMBER(SEARCH("CT",B38)))) ), "ConveyorStation[" & (Q$2 + COUNTIFS($B$2:B38,"*C*",$B$2:B38,"<>*CT*") + COUNTIF($B$2:B38,"*TT*") - 1) & "]", "")) -> ConveyorStation[192] | F38: UnloadingStation[67] | J38: CNV_Movimot_Drive[192] | L38: No | M38: Yes
A39: =IF(ISNUMBER(SEARCH("CT",B39)),"1"&MID(B39,2,FIND("CT",B39)-2)&RIGHT(B39,1),MID(B39,2,FIND("C",B39)-2)&RIGHT(B39,1)) -> 1291 | B39: B29CT1 | C39: Outbound | D39: 1 | E39: =IF(ISNUMBER(SEARCH("CT",B39)), "CrossTransferStation[" & (Q$3 + COUNTIF($B$2:B39,"*CT*") - 1) & "]", IF( OR(ISNUMBER(SEARCH("TT",B39)), AND(ISNUMBER(SEARCH("C",B39)), NOT(ISNUMBER(SEARCH("CT",B39)))) ), "ConveyorStation[" & (Q$2 + COUNTIFS($B$2:B39,"*C*",$B$2:B39,"<>*CT*") + COUNTIF($B$2:B39,"*TT*") - 1) & "]", "")) -> CrossTransferStation[81] | F39: Decision[79] | J39: CT_Movifit_Drive[81] CT_Moviswitch_Drive[81] CT_SP_Barcode_Scanner[81] | K39: yes | L39: No | M39: Yes
A40: =IF(ISNUMBER(SEARCH("CT",B40)),"1"&MID(B40,2,FIND("CT",B40)-2)&RIGHT(B40,1),MID(B40,2,FIND("C",B40)-2)&RIGHT(B40,1)) -> 302 | B40: B30C2 | C40: Outbound | D40: 1 | E40: =IF(ISNUMBER(SEARCH("CT",B40)), "CrossTransferStation[" & (Q$3 + COUNTIF($B$2:B40,"*CT*") - 1) & "]", IF( OR(ISNUMBER(SEARCH("TT",B40)), AND(ISNUMBER(SEARCH("C",B40)), NOT(ISNUMBER(SEARCH("CT",B40)))) ), "ConveyorStation[" & (Q$2 + COUNTIFS($B$2:B40,"*C*",$B$2:B40,"<>*CT*") + COUNTIF($B$2:B40,"*TT*") - 1) & "]", "")) -> ConveyorStation[193] | F40: StackDestackStation[30] | J40: CNV_Movimot_Drive[193] STR_Lifter_Movimot_Drive[193] STR_Gripper_Movimot_Drive[193] | L40: Yes | M40: Yes
A41: =IF(ISNUMBER(SEARCH("CT",B41)),"1"&MID(B41,2,FIND("CT",B41)-2)&RIGHT(B41,1),MID(B41,2,FIND("C",B41)-2)&RIGHT(B41,1)) -> 303 | B41: B30C3 | C41: Outbound | D41: 1 | E41: =IF(ISNUMBER(SEARCH("CT",B41)), "CrossTransferStation[" & (Q$3 + COUNTIF($B$2:B45,"*CT*") - 1) & "]", IF( OR(ISNUMBER(SEARCH("TT",B41)), AND(ISNUMBER(SEARCH("C",B41)), NOT(ISNUMBER(SEARCH("CT",B41)))) ), "ConveyorStation[" & (Q$2 + COUNTIFS($B$2:B45,"*C*",$B$2:B45,"<>*CT*") + COUNTIF($B$2:B45,"*TT*") - 1) & "]", "")) -> ConveyorStation[194] | F41: StackDestackStation[31] | J41: CNV_Movimot_Drive[194] STR_Lifter_Movimot_Drive[194] STR_Gripper_Movimot_Drive[194] | L41: Yes | M41: Yes
B42: B2,B116 | E42: Outbound_Branch_Error_ManagerOP[1]
B43: B23,B24,B25 | E43: Outbound_Branch_Error_ManagerOP[2]
B44: B26,B27 | E44: Outbound_Branch_Error_ManagerOP[3]
B45: B28,B29,B30 | E45: Outbound_Branch_Error_ManagerOP[4]

Sheet EZ4 Flammable
A1: ID | B1: Name | C1: PLC ID | D1: Zone ID | E1: Functionality 1 with Array Index | F1: Functionality 2 with Array Index | G1: Functionality 3 with Array Index | H1: Functionality 4 with Array Index | I1: Functionality 5 with Array Index | J1: Functionality Logging purpose only | K1: Barcode Present (Yes/No) | L1: Source requirement | M1: Destination requirement | N1: Remarks
A2: =IF(ISNUMBER(SEARCH("CT",B2)),"1"&MID(B2,2,FIND("CT",B2)-2)&RIGHT(B2,1),MID(B2,2,FIND("C",B2)-2)&RIGHT(B2,1)) -> 321 | B2: B32C1 | C2: Flammable | D2: 1 | E2: =IF(ISNUMBER(SEARCH("CT",B2)), "CrossTransferStation[" & (Q$3 + COUNTIF($B$2:B2,"*CT*") - 1) & "]", IF( OR(ISNUMBER(SEARCH("TT",B2)), AND(ISNUMBER(SEARCH("C",B2)), NOT(ISNUMBER(SEARCH("CT",B2)))) ), "ConveyorStation[" & (Q$2 + COUNTIFS($B$2:B2,"*C*",$B$2:B2,"<>*CT*") + COUNTIF($B$2:B2,"*TT*") - 1) & "]", "")) -> ConveyorStation[205] | J2: CNV_Movimot_Drive[205] | L2: No | M2: No | P2: CNC Start No | Q2: 205
A3: =IF(ISNUMBER(SEARCH("CT",B3)),"1"&MID(B3,2,FIND("CT",B3)-2)&RIGHT(B3,1),MID(B3,2,FIND("C",B3)-2)&RIGHT(B3,1)) -> 1321 | B3: B32CT1 | C3: Flammable | D3: 1 | E3: =IF(ISNUMBER(SEARCH("CT",B3)), "CrossTransferStation[" & (Q$3 + COUNTIF($B$2:B3,"*CT*") - 1) & "]", IF( OR(ISNUMBER(SEARCH("TT",B3)), AND(ISNUMBER(SEARCH("C",B3)), NOT(ISNUMBER(SEARCH("CT",B3)))) ), "ConveyorStation[" & (Q$2 + COUNTIFS($B$2:B3,"*C*",$B$2:B3,"<>*CT*") + COUNTIF($B$2:B3,"*TT*") - 1) & "]", "")) -> CrossTransferStation[92] | J3: CT_Movifit_Drive[92] CT_Moviswitch_Drive[92] Decision_Station_1_In_1_Out[92] FB_Logiq_IF_B32CT1[92] | L3: No | M3: No | P3: CT Start No | Q3: 92
A4: =IF(ISNUMBER(SEARCH("CT",B4)),"1"&MID(B4,2,FIND("CT",B4)-2)&RIGHT(B4,1),MID(B4,2,FIND("C",B4)-2)&RIGHT(B4,1)) -> 331 | B4: B33C1 | C4: Flammable | D4: 1 | E4: =IF(ISNUMBER(SEARCH("CT",B4)), "CrossTransferStation[" & (Q$3 + COUNTIF($B$2:B4,"*CT*") - 1) & "]", IF( OR(ISNUMBER(SEARCH("TT",B4)), AND(ISNUMBER(SEARCH("C",B4)), NOT(ISNUMBER(SEARCH("CT",B4)))) ), "ConveyorStation[" & (Q$2 + COUNTIFS($B$2:B4,"*C*",$B$2:B4,"<>*CT*") + COUNTIF($B$2:B4,"*TT*") - 1) & "]", "")) -> ConveyorStation[206] | J4: CNV_Movimot_Drive[206] Logiq_IF[206] CrossOver[206] | L4: No | M4: No
A5: =IF(ISNUMBER(SEARCH("CT",B5)),"1"&MID(B5,2,FIND("CT",B5)-2)&RIGHT(B5,1),MID(B5,2,FIND("C",B5)-2)&RIGHT(B5,1)) -> 333 | B5: B33C3 | C5: Flammable | D5: 1 | E5: =IF(ISNUMBER(SEARCH("CT",B5)), "CrossTransferStation[" & (Q$3 + COUNTIF($B$2:B5,"*CT*") - 1) & "]", IF( OR(ISNUMBER(SEARCH("TT",B5)), AND(ISNUMBER(SEARCH("C",B5)), NOT(ISNUMBER(SEARCH("CT",B5)))) ), "ConveyorStation[" & (Q$2 + COUNTIFS($B$2:B5,"*C*",$B$2:B5,"<>*CT*") + COUNTIF($B$2:B5,"*TT*") - 1) & "]", "")) -> ConveyorStation[207] | F5: LoadingStation[61] | G5: UnloadingStation[79] | H5: Zone[5] | J5: CNV_Movimot_Drive[207] | L5: Yes | M5: Yes | N5: if zone function as loading selected then source required, destination not required. If zone function as unloading selected then source not required, destination is required
A6: =IF(ISNUMBER(SEARCH("CT",B6)),"1"&MID(B6,2,FIND("CT",B6)-2)&RIGHT(B6,1),MID(B6,2,FIND("C",B6)-2)&RIGHT(B6,1)) -> 342 | B6: B34C2 | C6: Flammable | D6: 1 | E6: =IF(ISNUMBER(SEARCH("CT",B6)), "CrossTransferStation[" & (Q$3 + COUNTIF($B$2:B6,"*CT*") - 1) & "]", IF( OR(ISNUMBER(SEARCH("TT",B6)), AND(ISNUMBER(SEARCH("C",B6)), NOT(ISNUMBER(SEARCH("CT",B6)))) ), "ConveyorStation[" & (Q$2 + COUNTIFS($B$2:B6,"*C*",$B$2:B6,"<>*CT*") + COUNTIF($B$2:B6,"*TT*") - 1) & "]", "")) -> ConveyorStation[208] | J6: CNV_Movimot_Drive[208] CrossOver[208] | L6: No | M6: No | P6: Name | Q6: Min | R6: Max | S6: No of Spare | T6: Next Stn No
A7: =IF(ISNUMBER(SEARCH("CT",B7)),"1"&MID(B7,2,FIND("CT",B7)-2)&RIGHT(B7,1),MID(B7,2,FIND("C",B7)-2)&RIGHT(B7,1)) -> 343 | B7: B34C3 | C7: Flammable | D7: 1 | E7: =IF(ISNUMBER(SEARCH("CT",B7)), "CrossTransferStation[" & (Q$3 + COUNTIF($B$2:B8,"*CT*") - 1) & "]", IF( OR(ISNUMBER(SEARCH("TT",B7)), AND(ISNUMBER(SEARCH("C",B7)), NOT(ISNUMBER(SEARCH("CT",B7)))) ), "ConveyorStation[" & (Q$2 + COUNTIFS($B$2:B8,"*C*",$B$2:B8,"<>*CT*") + COUNTIF($B$2:B8,"*TT*") - 1) & "]", "")) -> ConveyorStation[209] | F7: UnloadingStation[78] | G7: LoadingStation[62] | H7: Zone[6] | J7: CNV_Movimot_Drive[209] CNV_SP_Barcode_Scanner | K7: yes | L7: Yes | M7: Yes | N7: if zone function as loading selected then source required, destination not required. If zone function as unloading selected then source not required, destination is required | P7: ConveyorStation | Q7: 205 | R7: 209 | S7: 10 | T7: =SUM(R7:S7)+1 -> 220 | U7: =T7-S7-Q7 -> 5
B8: B32,B33,B34 | C8: Flammable | D8: 1 | E8: Flammable_Branch_Error_ManagerOP[1] | P8: CrossTransferStation | Q8: 92 | R8: 92 | S8: 10 | T8: =SUM(R8:S8)+1 -> 103 | U8: =T8-S8-Q8 -> 1
P9: LoadingStation | Q9: 61 | R9: 61 | S9: 10 | T9: =SUM(R9:S9)+1 -> 72 | U9: =T9-S9-Q9 -> 1
P10: UnloadingStation | Q10: 78 | R10: 78 | S10: 10 | T10: =SUM(R10:S10)+1 -> 89 | U10: =T10-S10-Q10 -> 1
P11: StackDestackStation | T11: =[2]Outbound!T12 -> 0
P12: ProfileCheckStation | T12: =[2]Outbound!T13 -> 0
P13: TurnTableStation | T13: =[2]Outbound!T14 -> 0
P14: LabellingStation | T14: =[2]Outbound!T15 -> 0
P15: WrappingStation | T15: =[2]Outbound!T16 -> 0
P16: Zone | Q16: 5 | R16: 6 | T16: =[2]Outbound!T17 -> 0

Sheet EZ5 Prod G AMB
A1: ID | B1: Name | C1: PLC ID | D1: Zone ID | E1: Functionality 1 with Array Index | F1: Functionality 2 with Array Index | G1: Functionality 3 with Array Index | H1: Functionality 4 with Array Index | I1: Functionality 5 with Array Index | J1: Functionality Logging purpose only | K1: Barcode Present (Yes/No) | L1: Source requirement | M1: Destination requirement | N1: Remarks
A2: =IF(ISNUMBER(SEARCH("CT",B2)),"1"&MID(B2,2,FIND("CT",B2)-2)&RIGHT(B2,1),MID(B2,2,FIND("C",B2)-2)&RIGHT(B2,1)) -> 351 | B2: B35C1 | C2: Prod G AMB | D2: 1 | E2: =IF(ISNUMBER(SEARCH("CT",B2)), "CrossTransferStation[" & (Q$3 + COUNTIF($B$2:B2,"*CT*") - 1) & "]", IF( OR(ISNUMBER(SEARCH("TT",B2)), AND(ISNUMBER(SEARCH("C",B2)), NOT(ISNUMBER(SEARCH("CT",B2)))) ), "ConveyorStation[" & (Q$2 + COUNTIFS($B$2:B2,"*C*",$B$2:B2,"<>*CT*") + COUNTIF($B$2:B2,"*TT*") - 1) & "]", "")) -> ConveyorStation[220] | F2: LoadingStation[72] | J2: CNV_Movimot_Drive[220] | L2: Yes | M2: No | P2: CNC Start No | Q2: 220
A3: =IF(ISNUMBER(SEARCH("CT",B3)),"1"&MID(B3,2,FIND("CT",B3)-2)&RIGHT(B3,1),MID(B3,2,FIND("C",B3)-2)&RIGHT(B3,1)) -> 1361 | B3: B36CT1 | C3: Prod G AMB | D3: 1 | E3: =IF(ISNUMBER(SEARCH("CT",B3)), "CrossTransferStation[" & (Q$3 + COUNTIF($B$2:B3,"*CT*") - 1) & "]", IF( OR(ISNUMBER(SEARCH("TT",B3)), AND(ISNUMBER(SEARCH("C",B3)), NOT(ISNUMBER(SEARCH("CT",B3)))) ), "ConveyorStation[" & (Q$2 + COUNTIFS($B$2:B3,"*C*",$B$2:B3,"<>*CT*") + COUNTIF($B$2:B3,"*TT*") - 1) & "]", "")) -> CrossTransferStation[103] | F3: Decision[90] | J3: CT_Movifit_Drive[103] CT_Moviswitch_Drive[103] | L3: Yes | M3: No | P3: CT Start No | Q3: 103
A4: =IF(ISNUMBER(SEARCH("CT",B4)),"1"&MID(B4,2,FIND("CT",B4)-2)&RIGHT(B4,1),MID(B4,2,FIND("C",B4)-2)&RIGHT(B4,1)) -> 371 | B4: B37C1 | C4: Prod G AMB | D4: 1 | E4: =IF(ISNUMBER(SEARCH("CT",B4)), "CrossTransferStation[" & (Q$3 + COUNTIF($B$2:B4,"*CT*") - 1) & "]", IF( OR(ISNUMBER(SEARCH("TT",B4)), AND(ISNUMBER(SEARCH("C",B4)), NOT(ISNUMBER(SEARCH("CT",B4)))) ), "ConveyorStation[" & (Q$2 + COUNTIFS($B$2:B4,"*C*",$B$2:B4,"<>*CT*") + COUNTIF($B$2:B4,"*TT*") - 1) & "]", "")) -> ConveyorStation[221] | F4: SeparatorStation[1] | J4: CNV_Movimot_Drive[221] Seperator_Movimot_X[221] Seperator_Movimot_Y[221] Seperator_Movimot_Z[221] | L4: No | M4: No
A5: =IF(ISNUMBER(SEARCH("CT",B5)),"1"&MID(B5,2,FIND("CT",B5)-2)&RIGHT(B5,1),MID(B5,2,FIND("C",B5)-2)&RIGHT(B5,1)) -> 372 | B5: B37C2 | C5: Prod G AMB | D5: 1 | E5: =IF(ISNUMBER(SEARCH("CT",B5)), "CrossTransferStation[" & (Q$3 + COUNTIF($B$2:B5,"*CT*") - 1) & "]", IF( OR(ISNUMBER(SEARCH("TT",B5)), AND(ISNUMBER(SEARCH("C",B5)), NOT(ISNUMBER(SEARCH("CT",B5)))) ), "ConveyorStation[" & (Q$2 + COUNTIFS($B$2:B5,"*C*",$B$2:B5,"<>*CT*") + COUNTIF($B$2:B5,"*TT*") - 1) & "]", "")) -> ConveyorStation[222] | F5: ProfileCheckStation[23] | J5: CNV_Movimot_Drive[222] CNV_Barcode_SP_Scanner[222] CNV_Barcode_VP_Scanner[222] | K5: yes | L5: No | M5: Yes
A6: =IF(ISNUMBER(SEARCH("CT",B6)),"1"&MID(B6,2,FIND("CT",B6)-2)&RIGHT(B6,1),MID(B6,2,FIND("C",B6)-2)&RIGHT(B6,1)) -> 1371 | B6: B37CT1 | C6: Prod G AMB | D6: 1 | E6: =IF(ISNUMBER(SEARCH("CT",B6)), "CrossTransferStation[" & (Q$3 + COUNTIF($B$2:B6,"*CT*") - 1) & "]", IF( OR(ISNUMBER(SEARCH("TT",B6)), AND(ISNUMBER(SEARCH("C",B6)), NOT(ISNUMBER(SEARCH("CT",B6)))) ), "ConveyorStation[" & (Q$2 + COUNTIFS($B$2:B6,"*C*",$B$2:B6,"<>*CT*") + COUNTIF($B$2:B6,"*TT*") - 1) & "]", "")) -> CrossTransferStation[104] | F6: Decision[91] | J6: CT_Movifit_Drive[104] CT_Moviswitch_Drive[104] | L6: No | M6: Yes | P6: Name | Q6: Min | R6: Max | S6: No of Spare | T6: Next Stn No
A7: =IF(ISNUMBER(SEARCH("CT",B7)),"1"&MID(B7,2,FIND("CT",B7)-2)&RIGHT(B7,1),MID(B7,2,FIND("C",B7)-2)&RIGHT(B7,1)) -> 1171 | B7: B117C1 | C7: Prod G AMB | D7: 1 | E7: =IF(ISNUMBER(SEARCH("CT",B7)), "CrossTransferStation[" & (Q$3 + COUNTIF($B$2:B7,"*CT*") - 1) & "]", IF( OR(ISNUMBER(SEARCH("TT",B7)), AND(ISNUMBER(SEARCH("C",B7)), NOT(ISNUMBER(SEARCH("CT",B7)))) ), "ConveyorStation[" & (Q$2 + COUNTIFS($B$2:B7,"*C*",$B$2:B7,"<>*CT*") + COUNTIF($B$2:B7,"*TT*") - 1) & "]", "")) -> ConveyorStation[223] | J7: CNV_Movimot_Drive[223] | L7: No | M7: No | P7: ConveyorStation | Q7: 220 | R7: 255 | S7: 10 | T7: =SUM(R7:S7)+1 -> 266 | U7: =T7-S7-Q7 -> 36
A8: =IF(ISNUMBER(SEARCH("CT",B8)),"1"&MID(B8,2,FIND("CT",B8)-2)&RIGHT(B8,1),MID(B8,2,FIND("C",B8)-2)&RIGHT(B8,1)) -> 1172 | B8: B117C2 | C8: Prod G AMB | D8: 1 | E8: =IF(ISNUMBER(SEARCH("CT",B8)), "CrossTransferStation[" & (Q$3 + COUNTIF($B$2:B8,"*CT*") - 1) & "]", IF( OR(ISNUMBER(SEARCH("TT",B8)), AND(ISNUMBER(SEARCH("C",B8)), NOT(ISNUMBER(SEARCH("CT",B8)))) ), "ConveyorStation[" & (Q$2 + COUNTIFS($B$2:B8,"*C*",$B$2:B8,"<>*CT*") + COUNTIF($B$2:B8,"*TT*") - 1) & "]", "")) -> ConveyorStation[224] | J8: CNV_Movimot_Drive[224] CNV_Barcode_SP_Scanner[224] Logiq_IF[224] | K8: yes | L8: No | M8: No | P8: CrossTransferStation | Q8: 103 | R8: 112 | S8: 10 | T8: =SUM(R8:S8)+1 -> 123 | U8: =T8-S8-Q8 -> 10
A9: =IF(ISNUMBER(SEARCH("CT",B9)),"1"&MID(B9,2,FIND("CT",B9)-2)&RIGHT(B9,1),MID(B9,2,FIND("C",B9)-2)&RIGHT(B9,1)) -> 1181 | B9: B118C1 | C9: Prod G AMB | D9: 1 | E9: =IF(ISNUMBER(SEARCH("CT",B9)), "CrossTransferStation[" & (Q$3 + COUNTIF($B$2:B9,"*CT*") - 1) & "]", IF( OR(ISNUMBER(SEARCH("TT",B9)), AND(ISNUMBER(SEARCH("C",B9)), NOT(ISNUMBER(SEARCH("CT",B9)))) ), "ConveyorStation[" & (Q$2 + COUNTIFS($B$2:B9,"*C*",$B$2:B9,"<>*CT*") + COUNTIF($B$2:B9,"*TT*") - 1) & "]", "")) -> ConveyorStation[225] | J9: CNV_Movimot_Drive[225] | L9: No | M9: No | P9: Decision | Q9: 90 | R9: 98 | S9: 10 | T9: =SUM(R9:S9)+1 -> 109 | U9: =T9-S9-Q9 -> 9
A10: =IF(ISNUMBER(SEARCH("CT",B10)),"1"&MID(B10,2,FIND("CT",B10)-2)&RIGHT(B10,1),MID(B10,2,FIND("C",B10)-2)&RIGHT(B10,1)) -> 1182 | B10: B118C2 | C10: Prod G AMB | D10: 1 | E10: =IF(ISNUMBER(SEARCH("CT",B10)), "CrossTransferStation[" & (Q$3 + COUNTIF($B$2:B10,"*CT*") - 1) & "]", IF( OR(ISNUMBER(SEARCH("TT",B10)), AND(ISNUMBER(SEARCH("C",B10)), NOT(ISNUMBER(SEARCH("CT",B10)))) ), "ConveyorStation[" & (Q$2 + COUNTIFS($B$2:B10,"*C*",$B$2:B10,"<>*CT*") + COUNTIF($B$2:B10,"*TT*") - 1) & "]", "")) -> ConveyorStation[226] | F10: StackDestackStation[42] | J10: CNV_Movimot_Drive[226] STR_Lifter_Movimot_Drive[226] STR_Gripper_Movimot_Drive[226] | L10: Yes | M10: Yes | P10: LoadingStation | Q10: 72 | R10: 73 | S10: 10 | T10: =SUM(R10:S10)+1 -> 84 | U10: =T10-S10-Q10 -> 2
A11: =IF(ISNUMBER(SEARCH("CT",B11)),"1"&MID(B11,2,FIND("CT",B11)-2)&RIGHT(B11,1),MID(B11,2,FIND("C",B11)-2)&RIGHT(B11,1)) -> 1191 | B11: B119C1 | C11: Prod G AMB | D11: 1 | E11: =IF(ISNUMBER(SEARCH("CT",B11)), "CrossTransferStation[" & (Q$3 + COUNTIF($B$2:B11,"*CT*") - 1) & "]", IF( OR(ISNUMBER(SEARCH("TT",B11)), AND(ISNUMBER(SEARCH("C",B11)), NOT(ISNUMBER(SEARCH("CT",B11)))) ), "ConveyorStation[" & (Q$2 + COUNTIFS($B$2:B11,"*C*",$B$2:B11,"<>*CT*") + COUNTIF($B$2:B11,"*TT*") - 1) & "]", "")) -> ConveyorStation[227] | J11: CNV_Movimot_Drive[227] | L11: No | M11: No | P11: UnloadingStation | Q11: 89 | R11: 91 | S11: 10 | T11: =SUM(R11:S11)+1 -> 102 | U11: =T11-S11-Q11 -> 3
A12: =IF(ISNUMBER(SEARCH("CT",B12)),"1"&MID(B12,2,FIND("CT",B12)-2)&RIGHT(B12,1),MID(B12,2,FIND("C",B12)-2)&RIGHT(B12,1)) -> 1192 | B12: B119C2 | C12: Prod G AMB | D12: 1 | E12: =IF(ISNUMBER(SEARCH("CT",B12)), "CrossTransferStation[" & (Q$3 + COUNTIF($B$2:B12,"*CT*") - 1) & "]", IF( OR(ISNUMBER(SEARCH("TT",B12)), AND(ISNUMBER(SEARCH("C",B12)), NOT(ISNUMBER(SEARCH("CT",B12)))) ), "ConveyorStation[" & (Q$2 + COUNTIFS($B$2:B12,"*C*",$B$2:B12,"<>*CT*") + COUNTIF($B$2:B12,"*TT*") - 1) & "]", "")) -> ConveyorStation[228] | J12: CNV_Movimot_Drive[228] | L12: No | M12: No | P12: StackDestackStation | Q12: 42 | R12: 45 | S12: 10 | T12: =SUM(R12:S12)+1 -> 56 | U12: =T12-S12-Q12 -> 4
A13: =IF(ISNUMBER(SEARCH("CT",B13)),"1"&MID(B13,2,FIND("CT",B13)-2)&RIGHT(B13,1),MID(B13,2,FIND("C",B13)-2)&RIGHT(B13,1)) -> 1201 | B13: B120C1 | C13: Prod G AMB | D13: 1 | E13: =IF(ISNUMBER(SEARCH("CT",B13)), "CrossTransferStation[" & (Q$3 + COUNTIF($B$2:B13,"*CT*") - 1) & "]", IF( OR(ISNUMBER(SEARCH("TT",B13)), AND(ISNUMBER(SEARCH("C",B13)), NOT(ISNUMBER(SEARCH("CT",B13)))) ), "ConveyorStation[" & (Q$2 + COUNTIFS($B$2:B13,"*C*",$B$2:B13,"<>*CT*") + COUNTIF($B$2:B13,"*TT*") - 1) & "]", "")) -> ConveyorStation[229] | F13: LoadingStation[73] | J13: CNV_Movimot_Drive[229] | L13: Yes | M13: No | P13: ProfileCheckStation | Q13: 23 | R13: 24 | S13: 10 | T13: =SUM(R13:S13)+1 -> 35 | U13: =T13-S13-Q13 -> 2
A14: =IF(ISNUMBER(SEARCH("CT",B14)),"1"&MID(B14,2,FIND("CT",B14)-2)&RIGHT(B14,1),MID(B14,2,FIND("C",B14)-2)&RIGHT(B14,1)) -> 11211 | B14: B121CT1 | C14: Prod G AMB | D14: 1 | E14: =IF(ISNUMBER(SEARCH("CT",B14)), "CrossTransferStation[" & (Q$3 + COUNTIF($B$2:B14,"*CT*") - 1) & "]", IF( OR(ISNUMBER(SEARCH("TT",B14)), AND(ISNUMBER(SEARCH("C",B14)), NOT(ISNUMBER(SEARCH("CT",B14)))) ), "ConveyorStation[" & (Q$2 + COUNTIFS($B$2:B14,"*C*",$B$2:B14,"<>*CT*") + COUNTIF($B$2:B14,"*TT*") - 1) & "]", "")) -> CrossTransferStation[105] | F14: Decision[92] | J14: CT_Movifit_Drive[105] CT_Moviswitch_Drive[105] CT_SP_Barcode_Scanner[105] | K14: yes | L14: Yes | M14: Yes | P14: TurnTableStation | T14: ='EZ4 Flammable'!T9 -> 72
A15: =IF(ISNUMBER(SEARCH("CT",B15)),"1"&MID(B15,2,FIND("CT",B15)-2)&RIGHT(B15,1),MID(B15,2,FIND("C",B15)-2)&RIGHT(B15,1)) -> 1221 | B15: B122C1 | C15: Prod G AMB | D15: 1 | E15: =IF(ISNUMBER(SEARCH("CT",B15)), "CrossTransferStation[" & (Q$3 + COUNTIF($B$2:B15,"*CT*") - 1) & "]", IF( OR(ISNUMBER(SEARCH("TT",B15)), AND(ISNUMBER(SEARCH("C",B15)), NOT(ISNUMBER(SEARCH("CT",B15)))) ), "ConveyorStation[" & (Q$2 + COUNTIFS($B$2:B15,"*C*",$B$2:B15,"<>*CT*") + COUNTIF($B$2:B15,"*TT*") - 1) & "]", "")) -> ConveyorStation[230] | F15: SeparatorStation[2] | J15: CNV_Movimot_Drive[230] Seperator_Movimot_X[231] Seperator_Movimot_Y[231] Seperator_Movimot_Z[231] | L15: No | M15: No | P15: LabellingStation | T15: ='EZ4 Flammable'!T10 -> 89
